,head,relation,tail,label
84,DB03010,CELL_DRUG,BB30-HNC,1
87,DB03010,CELL_DRUG,BHY,1
88,DB03010,CELL_DRUG,Ca9-22,1
90,DB03010,CELL_DRUG,CAL-33,1
100,DB03010,CELL_DRUG,HO-1-u-1,1
101,DB03010,CELL_DRUG,HSC-2,1
106,DB03010,CELL_DRUG,KOSC-2,1
117,DB03010,CELL_DRUG,LB771-HNC,1
219,DB03010,CELL_DRUG,Detroit562,1
235,DB03010,CELL_DRUG,FADU,1
260,DB03010,CELL_DRUG,HSC-3,1
261,DB03010,CELL_DRUG,HSC-4,1
376,DB03010,CELL_DRUG,RPMI-2650,1
454,DB03010,CELL_DRUG,SCC-25,1
470,DB03010,CELL_DRUG,SCC-4,1
473,DB03010,CELL_DRUG,SCC-15,1
475,DB03010,CELL_DRUG,CAL-27,1
491,DB03010,CELL_DRUG,DOK,1
507,DB03010,CELL_DRUG,HO-1-N-1,1
565,DB03010,CELL_DRUG,BICR22,1
566,DB03010,CELL_DRUG,BICR78,1
590,DB03010,CELL_DRUG,JHU-011,1
610,DB03010,CELL_DRUG,OSC-20,1
616,DB03010,CELL_DRUG,PCI-15A,1
617,DB03010,CELL_DRUG,PCI-38,1
618,DB03010,CELL_DRUG,PCI-6A,1
639,DB03010,CELL_DRUG,BICR10,1
640,DB03010,CELL_DRUG,BICR31,1
662,DB03010,CELL_DRUG,JHU-029,1
668,DB03010,CELL_DRUG,KON,1
683,DB03010,CELL_DRUG,OSC-19,1
688,DB03010,CELL_DRUG,PCI-4B,1
692,DB03010,CELL_DRUG,SAT,1
693,DB03010,CELL_DRUG,SCC90,1
815,DB03496,CELL_DRUG,RPMI-2650,1
821,DB03496,CELL_DRUG,PCI-38,1
852,DB04297,CELL_DRUG,RPMI-2650,1
853,DB04297,CELL_DRUG,SAS,1
854,DB04297,CELL_DRUG,SCC-9,1
871,DB04297,CELL_DRUG,BICR22,1
872,DB04297,CELL_DRUG,BICR78,1
935,DB06603,CELL_DRUG,BHY,1
936,DB06603,CELL_DRUG,Ca9-22,1
947,DB06603,CELL_DRUG,KOSC-2,1
954,DB06603,CELL_DRUG,LB771-HNC,1
1118,DB06603,CELL_DRUG,RPMI-2650,1
1124,DB06603,CELL_DRUG,SAS,1
1125,DB06603,CELL_DRUG,SCC-9,1
1162,DB06603,CELL_DRUG,SCC-25,1
1179,DB06603,CELL_DRUG,SCC-15,1
1180,DB06603,CELL_DRUG,CAL-27,1
1190,DB06603,CELL_DRUG,DOK,1
1206,DB06603,CELL_DRUG,HO-1-N-1,1
1246,DB06603,CELL_DRUG,BICR22,1
1247,DB06603,CELL_DRUG,BICR78,1
1262,DB06603,CELL_DRUG,JHU-011,1
1263,DB06603,CELL_DRUG,JHU-022,1
1274,DB06603,CELL_DRUG,OSC-20,1
1276,DB06603,CELL_DRUG,PCI-15A,1
1277,DB06603,CELL_DRUG,PCI-38,1
1278,DB06603,CELL_DRUG,PCI-6A,1
1308,DB06603,CELL_DRUG,OSC-19,1
1310,DB06603,CELL_DRUG,PCI-4B,1
1311,DB06603,CELL_DRUG,SAT,1
1312,DB06603,CELL_DRUG,SKN-3,1
1379,DB00570,CELL_DRUG,BB30-HNC,1
1381,DB00570,CELL_DRUG,BHY,1
1387,DB00570,CELL_DRUG,KOSC-2,1
1407,DB00570,CELL_DRUG,HN,1
1434,DB00570,CELL_DRUG,SCC-25,1
1457,DB00570,CELL_DRUG,JHU-011,1
1460,DB00570,CELL_DRUG,PCI-38,1
1461,DB00570,CELL_DRUG,PCI-6A,1
1467,DB00570,CELL_DRUG,JHU-029,1
1470,DB00570,CELL_DRUG,KON,1
1472,DB00570,CELL_DRUG,OSC-19,1
1508,DB01248,CELL_DRUG,BB30-HNC,1
1511,DB01248,CELL_DRUG,BHY,1
1517,DB01248,CELL_DRUG,KOSC-2,1
1538,DB01248,CELL_DRUG,HN,1
1565,DB01248,CELL_DRUG,SCC-25,1
1591,DB01248,CELL_DRUG,JHU-011,1
1594,DB01248,CELL_DRUG,PCI-15A,1
1595,DB01248,CELL_DRUG,PCI-38,1
1596,DB01248,CELL_DRUG,PCI-6A,1
1605,DB01248,CELL_DRUG,JHU-029,1
1608,DB01248,CELL_DRUG,KON,1
1611,DB01248,CELL_DRUG,OSC-19,1
1708,DB00563,CELL_DRUG,JHU-011,1
1713,DB00563,CELL_DRUG,KON,1
1757,DB06287,CELL_DRUG,CAL-33,1
1759,DB06287,CELL_DRUG,HO-1-u-1,1
1805,DB06287,CELL_DRUG,HSC-3,1
1806,DB06287,CELL_DRUG,HSC-4,1
1873,DB06287,CELL_DRUG,DOK,1
1877,DB06287,CELL_DRUG,HO-1-N-1,1
1894,DB06287,CELL_DRUG,BICR22,1
1900,DB06287,CELL_DRUG,JHU-022,1
1914,DB06287,CELL_DRUG,BICR10,1
1923,DB06287,CELL_DRUG,JHU-029,1
1928,DB06287,CELL_DRUG,PCI-30,1
1929,DB06287,CELL_DRUG,PCI-4B,1
1972,DB06469,CELL_DRUG,HSC-3,1
2007,DB05134,CELL_DRUG,HO-1-u-1,1
2024,DB05134,CELL_DRUG,FADU,1
2028,DB05134,CELL_DRUG,HSC-3,1
2053,DB05134,CELL_DRUG,DOK,1
2054,DB05134,CELL_DRUG,HO-1-N-1,1
2065,DB05134,CELL_DRUG,JHU-011,1
2066,DB05134,CELL_DRUG,JHU-022,1
2070,DB05134,CELL_DRUG,PCI-38,1
2077,DB05134,CELL_DRUG,KON,1
2080,DB05134,CELL_DRUG,PCI-30,1
2089,DB08916,CELL_DRUG,JHU-011,1
2090,DB08916,CELL_DRUG,PCI-6A,1
2095,DB07101,CELL_DRUG,BB30-HNC,1
2106,DB07101,CELL_DRUG,JHU-011,1
2112,DB07101,CELL_DRUG,KON,1
2132,DB12731,CELL_DRUG,KOSC-2,1
2144,DB12731,CELL_DRUG,HN,1
2167,DB12731,CELL_DRUG,PCI-38,1
2170,DB12731,CELL_DRUG,JHU-029,1
2171,DB12731,CELL_DRUG,KON,1
2191,DB08911,CELL_DRUG,BB30-HNC,1
2200,DB08911,CELL_DRUG,HN,1
2206,DB08911,CELL_DRUG,SCC-25,1
2212,DB08911,CELL_DRUG,PCI-15A,1
2216,DB08911,CELL_DRUG,JHU-029,1
2237,DB00997,CELL_DRUG,BB30-HNC,1
2238,DB00997,CELL_DRUG,BB49-HNC,1
2241,DB00997,CELL_DRUG,KOSC-2,1
2269,DB00997,CELL_DRUG,FADU,1
2281,DB00997,CELL_DRUG,HSC-3,1
2322,DB00997,CELL_DRUG,SAS,1
2370,DB00997,CELL_DRUG,JHU-011,1
2380,DB00997,CELL_DRUG,JHU-029,1
2382,DB00997,CELL_DRUG,PCI-4B,1
2399,DB00441,CELL_DRUG,BB30-HNC,1
2401,DB00441,CELL_DRUG,BHY,1
2405,DB00441,CELL_DRUG,KOSC-2,1
2422,DB00441,CELL_DRUG,HN,1
2454,DB00441,CELL_DRUG,JHU-011,1
2457,DB00441,CELL_DRUG,PCI-15A,1
2458,DB00441,CELL_DRUG,PCI-38,1
2459,DB00441,CELL_DRUG,PCI-6A,1
2464,DB00441,CELL_DRUG,JHU-029,1
2466,DB00441,CELL_DRUG,KON,1
2468,DB00441,CELL_DRUG,OSC-19,1
2530,DB04690,CELL_DRUG,Ca9-22,1
2532,DB04690,CELL_DRUG,CAL-33,1
2538,DB04690,CELL_DRUG,HSC-2,1
2587,DB04690,CELL_DRUG,FADU,1
2601,DB04690,CELL_DRUG,HSC-3,1
2602,DB04690,CELL_DRUG,HSC-4,1
2665,DB04690,CELL_DRUG,SAS,1
2695,DB04690,CELL_DRUG,CAL-27,1
2713,DB04690,CELL_DRUG,HO-1-N-1,1
2734,DB04690,CELL_DRUG,BICR22,1
2765,DB04690,CELL_DRUG,PCI-4B,1
2848,DB00570,CELL_DRUG,BB49-HNC,1
2849,DB00570,CELL_DRUG,Ca9-22,1
2851,DB00570,CELL_DRUG,CAL-33,1
2855,DB00570,CELL_DRUG,HO-1-u-1,1
2856,DB00570,CELL_DRUG,HSC-2,1
2931,DB00570,CELL_DRUG,Detroit562,1
2941,DB00570,CELL_DRUG,FADU,1
2960,DB00570,CELL_DRUG,HSC-3,1
3053,DB00570,CELL_DRUG,SAS,1
3103,DB00570,CELL_DRUG,SCC-4,1
3105,DB00570,CELL_DRUG,CAL-27,1
3116,DB00570,CELL_DRUG,DOK,1
3131,DB00570,CELL_DRUG,HO-1-N-1,1
3163,DB00570,CELL_DRUG,BICR22,1
3199,DB00570,CELL_DRUG,BICR10,1
3400,DB01248,CELL_DRUG,BB49-HNC,1
3401,DB01248,CELL_DRUG,Ca9-22,1
3403,DB01248,CELL_DRUG,CAL-33,1
3409,DB01248,CELL_DRUG,HO-1-u-1,1
3410,DB01248,CELL_DRUG,HSC-2,1
3493,DB01248,CELL_DRUG,Detroit562,1
3503,DB01248,CELL_DRUG,FADU,1
3522,DB01248,CELL_DRUG,HSC-3,1
3523,DB01248,CELL_DRUG,HSC-4,1
3630,DB01248,CELL_DRUG,SAS,1
3631,DB01248,CELL_DRUG,SCC-9,1
3692,DB01248,CELL_DRUG,SCC-4,1
3694,DB01248,CELL_DRUG,SCC-15,1
3695,DB01248,CELL_DRUG,CAL-27,1
3707,DB01248,CELL_DRUG,DOK,1
3724,DB01248,CELL_DRUG,HO-1-N-1,1
3769,DB01248,CELL_DRUG,BICR22,1
3770,DB01248,CELL_DRUG,BICR78,1
3789,DB01248,CELL_DRUG,JHU-022,1
3806,DB01248,CELL_DRUG,OSC-20,1
3822,DB01248,CELL_DRUG,BICR10,1
3853,DB01248,CELL_DRUG,PCI-30,1
3858,DB01248,CELL_DRUG,SKN-3,1
3987,DB02010,CELL_DRUG,BB49-HNC,1
3988,DB02010,CELL_DRUG,Ca9-22,1
3990,DB02010,CELL_DRUG,CAL-33,1
3995,DB02010,CELL_DRUG,HO-1-u-1,1
3996,DB02010,CELL_DRUG,HSC-2,1
4050,DB02010,CELL_DRUG,Detroit562,1
4073,DB02010,CELL_DRUG,HSC-3,1
4210,DB02010,CELL_DRUG,DOK,1
4222,DB02010,CELL_DRUG,HO-1-N-1,1
4246,DB02010,CELL_DRUG,BICR22,1
4277,DB02010,CELL_DRUG,BICR10,1
4294,DB02010,CELL_DRUG,PCI-30,1
4297,DB02010,CELL_DRUG,SAT,1
4298,DB02010,CELL_DRUG,SKN-3,1
4405,DB01254,CELL_DRUG,BB49-HNC,1
4468,DB01229,CELL_DRUG,BB49-HNC,1
4469,DB01229,CELL_DRUG,Ca9-22,1
4470,DB01229,CELL_DRUG,CAL-33,1
4476,DB01229,CELL_DRUG,HO-1-u-1,1
4477,DB01229,CELL_DRUG,HSC-2,1
4536,DB01229,CELL_DRUG,Detroit562,1
4546,DB01229,CELL_DRUG,FADU,1
4560,DB01229,CELL_DRUG,HSC-3,1
4561,DB01229,CELL_DRUG,HSC-4,1
4641,DB01229,CELL_DRUG,SAS,1
4682,DB01229,CELL_DRUG,SCC-4,1
4685,DB01229,CELL_DRUG,CAL-27,1
4693,DB01229,CELL_DRUG,DOK,1
4705,DB01229,CELL_DRUG,HO-1-N-1,1
4733,DB01229,CELL_DRUG,BICR22,1
4758,DB01229,CELL_DRUG,BICR10,1
4827,DB00877,CELL_DRUG,BB49-HNC,1
4828,DB00877,CELL_DRUG,Ca9-22,1
4833,DB00877,CELL_DRUG,HO-1-u-1,1
4834,DB00877,CELL_DRUG,HSC-2,1
4871,DB00877,CELL_DRUG,Detroit562,1
4887,DB00877,CELL_DRUG,HSC-3,1
5060,DB00441,CELL_DRUG,BB49-HNC,1
5062,DB00441,CELL_DRUG,CAL-33,1
5065,DB00441,CELL_DRUG,HSC-2,1
5101,DB00441,CELL_DRUG,FADU,1
5110,DB00441,CELL_DRUG,HSC-4,1
5158,DB00441,CELL_DRUG,SAS,1
5178,DB00441,CELL_DRUG,CAL-27,1
5205,DB00441,CELL_DRUG,BICR22,1
5375,DB00188,CELL_DRUG,BB49-HNC,1
5376,DB00188,CELL_DRUG,Ca9-22,1
5378,DB00188,CELL_DRUG,CAL-33,1
5385,DB00188,CELL_DRUG,HO-1-u-1,1
5386,DB00188,CELL_DRUG,HSC-2,1
5396,DB00188,CELL_DRUG,LB771-HNC,1
5480,DB00188,CELL_DRUG,Detroit562,1
5491,DB00188,CELL_DRUG,FADU,1
5512,DB00188,CELL_DRUG,HSC-3,1
5513,DB00188,CELL_DRUG,HSC-4,1
5636,DB00188,CELL_DRUG,SAS,1
5637,DB00188,CELL_DRUG,SCC-9,1
5713,DB00188,CELL_DRUG,SCC-4,1
5717,DB00188,CELL_DRUG,SCC-15,1
5718,DB00188,CELL_DRUG,CAL-27,1
5730,DB00188,CELL_DRUG,DOK,1
5746,DB00188,CELL_DRUG,HO-1-N-1,1
5795,DB00188,CELL_DRUG,BICR22,1
5796,DB00188,CELL_DRUG,BICR78,1
5818,DB00188,CELL_DRUG,JHU-022,1
5834,DB00188,CELL_DRUG,OSC-20,1
5854,DB00188,CELL_DRUG,BICR10,1
5893,DB00188,CELL_DRUG,PCI-30,1
5897,DB00188,CELL_DRUG,SAT,1
5898,DB00188,CELL_DRUG,SCC90,1
5899,DB00188,CELL_DRUG,SKN-3,1
5991,DB12731,CELL_DRUG,Ca9-22,1
5994,DB12731,CELL_DRUG,HO-1-u-1,1
5995,DB12731,CELL_DRUG,HSC-2,1
6121,DB12731,CELL_DRUG,SAS,1
6122,DB12731,CELL_DRUG,SCC-9,1
6162,DB12731,CELL_DRUG,SCC-4,1
6171,DB12731,CELL_DRUG,DOK,1
6181,DB12731,CELL_DRUG,HO-1-N-1,1
6212,DB12731,CELL_DRUG,BICR22,1
6213,DB12731,CELL_DRUG,BICR78,1
6223,DB12731,CELL_DRUG,JHU-022,1
6249,DB12731,CELL_DRUG,PCI-30,1
6336,DB08911,CELL_DRUG,DOK,1
6402,DB00445,CELL_DRUG,SAS,1
6569,DB00970,CELL_DRUG,CAL-33,1
6574,DB00970,CELL_DRUG,HSC-2,1
6626,DB00970,CELL_DRUG,FADU,1
6637,DB00970,CELL_DRUG,HSC-3,1
6699,DB00970,CELL_DRUG,SAS,1
6743,DB00970,CELL_DRUG,HO-1-N-1,1
6755,DB00970,CELL_DRUG,BICR22,1
6780,DB00970,CELL_DRUG,PCI-4B,1
6842,DB00541,CELL_DRUG,BB49-HNC,1
6843,DB00541,CELL_DRUG,Ca9-22,1
6844,DB00541,CELL_DRUG,CAL-33,1
6847,DB00541,CELL_DRUG,HSC-2,1
6983,DB00541,CELL_DRUG,CAL-27,1
6991,DB00541,CELL_DRUG,DOK,1
6998,DB00541,CELL_DRUG,HO-1-N-1,1
7015,DB00541,CELL_DRUG,BICR22,1
7093,DB01248,CELL_DRUG,PCI-4B,1
7175,DB00970,CELL_DRUG,BB49-HNC,1
7176,DB00970,CELL_DRUG,Ca9-22,1
7180,DB00970,CELL_DRUG,HO-1-u-1,1
7186,DB00970,CELL_DRUG,LB771-HNC,1
7236,DB00970,CELL_DRUG,Detroit562,1
7255,DB00970,CELL_DRUG,HSC-4,1
7322,DB00970,CELL_DRUG,SCC-9,1
7361,DB00970,CELL_DRUG,SCC-4,1
7363,DB00970,CELL_DRUG,SCC-15,1
7364,DB00970,CELL_DRUG,CAL-27,1
7370,DB00970,CELL_DRUG,DOK,1
7415,DB00970,CELL_DRUG,BICR78,1
7428,DB00970,CELL_DRUG,JHU-022,1
7441,DB00970,CELL_DRUG,OSC-20,1
7454,DB00970,CELL_DRUG,BICR10,1
7486,DB00970,CELL_DRUG,PCI-30,1
7490,DB00970,CELL_DRUG,SAT,1
7491,DB00970,CELL_DRUG,SCC90,1
7492,DB00970,CELL_DRUG,SKN-3,1
7607,DB00361,CELL_DRUG,BB49-HNC,1
7608,DB00361,CELL_DRUG,Ca9-22,1
7609,DB00361,CELL_DRUG,CAL-33,1
7614,DB00361,CELL_DRUG,HSC-2,1
7667,DB00361,CELL_DRUG,Detroit562,1
7677,DB00361,CELL_DRUG,FADU,1
7692,DB00361,CELL_DRUG,HSC-3,1
7803,DB00361,CELL_DRUG,SCC-4,1
7805,DB00361,CELL_DRUG,CAL-27,1
7814,DB00361,CELL_DRUG,DOK,1
7826,DB00361,CELL_DRUG,HO-1-N-1,1
7850,DB00361,CELL_DRUG,BICR22,1
7877,DB00361,CELL_DRUG,BICR10,1
8009,DB01268,CELL_DRUG,LB771-HNC,0
8155,DB00619,CELL_DRUG,BB30-HNC,0
8163,DB00619,CELL_DRUG,LB771-HNC,0
8423,DB11805,CELL_DRUG,SCC-15,0
8491,DB00205,CELL_DRUG,BB30-HNC,0
8492,DB00205,CELL_DRUG,BB49-HNC,0
8507,DB00205,CELL_DRUG,LB771-HNC,0
8778,DB06195,CELL_DRUG,BB30-HNC,0
8779,DB06195,CELL_DRUG,BB49-HNC,0
8795,DB06195,CELL_DRUG,LB771-HNC,0
8973,DB06195,CELL_DRUG,SCC-15,0
9131,DB00773,CELL_DRUG,BB49-HNC,0
9138,DB00773,CELL_DRUG,LB771-HNC,0
9231,DB00773,CELL_DRUG,DOK,0
9253,DB00773,CELL_DRUG,BICR22,0
9262,DB00773,CELL_DRUG,JHU-022,0
9268,DB00773,CELL_DRUG,PCI-38,0
9292,DB00773,CELL_DRUG,PCI-30,0
9294,DB00773,CELL_DRUG,SAT,0
9343,DB01128,CELL_DRUG,KOSC-2,0
9375,DB01128,CELL_DRUG,HSC-4,0
9402,DB01128,CELL_DRUG,SCC-9,0
9426,DB01128,CELL_DRUG,SCC-15,0
9429,DB01128,CELL_DRUG,DOK,0
9481,DB01128,CELL_DRUG,PCI-30,0
9482,DB01128,CELL_DRUG,SAT,0
9505,DB00544,CELL_DRUG,BHY,0
9509,DB00544,CELL_DRUG,KOSC-2,0
9526,DB00544,CELL_DRUG,HN,0
9537,DB00544,CELL_DRUG,RPMI-2650,0
9546,DB00544,CELL_DRUG,SCC-25,0
9567,DB00544,CELL_DRUG,PCI-15A,0
9568,DB00544,CELL_DRUG,PCI-6A,0
9574,DB00544,CELL_DRUG,BICR31,0
9582,DB00544,CELL_DRUG,KON,0
9585,DB00544,CELL_DRUG,OSC-19,0
9644,DB06075,CELL_DRUG,SCC-25,0
9655,DB06075,CELL_DRUG,PCI-38,0
9656,DB06075,CELL_DRUG,PCI-6A,0
9730,DB00307,CELL_DRUG,BB49-HNC,0
9731,DB00307,CELL_DRUG,BHY,0
9732,DB00307,CELL_DRUG,CAL-33,0
9741,DB00307,CELL_DRUG,HO-1-u-1,0
9745,DB00307,CELL_DRUG,KOSC-2,0
9835,DB00307,CELL_DRUG,Detroit562,0
9846,DB00307,CELL_DRUG,FADU,0
9864,DB00307,CELL_DRUG,HN,0
9866,DB00307,CELL_DRUG,HSC-4,0
9964,DB00307,CELL_DRUG,RPMI-2650,0
9968,DB00307,CELL_DRUG,SAS,0
9969,DB00307,CELL_DRUG,SCC-9,0
10021,DB00307,CELL_DRUG,SCC-25,0
10033,DB00307,CELL_DRUG,SCC-15,0
10035,DB00307,CELL_DRUG,CAL-27,0
10043,DB00307,CELL_DRUG,DOK,0
10055,DB00307,CELL_DRUG,HO-1-N-1,0
10103,DB00307,CELL_DRUG,BICR22,0
10104,DB00307,CELL_DRUG,BICR78,0
10123,DB00307,CELL_DRUG,JHU-011,0
10124,DB00307,CELL_DRUG,JHU-022,0
10139,DB00307,CELL_DRUG,OSC-20,0
10144,DB00307,CELL_DRUG,PCI-38,0
10158,DB00307,CELL_DRUG,BICR10,0
10159,DB00307,CELL_DRUG,BICR31,0
10178,DB00307,CELL_DRUG,JHU-029,0
10182,DB00307,CELL_DRUG,KON,0
10195,DB00307,CELL_DRUG,OSC-19,0
10199,DB00307,CELL_DRUG,PCI-30,0
10200,DB00307,CELL_DRUG,PCI-4B,0
10205,DB00307,CELL_DRUG,SAT,0
10206,DB00307,CELL_DRUG,SCC90,0
10207,DB00307,CELL_DRUG,SKN-3,0
10275,DB00290,CELL_DRUG,BB49-HNC,0
10286,DB00290,CELL_DRUG,LB771-HNC,0
10323,DB00290,CELL_DRUG,HSC-4,0
10404,DB00290,CELL_DRUG,SCC-15,0
10408,DB00290,CELL_DRUG,DOK,0
10438,DB00290,CELL_DRUG,BICR78,0
10449,DB00290,CELL_DRUG,JHU-022,0
10491,DB00290,CELL_DRUG,PCI-30,0
10494,DB00290,CELL_DRUG,SAT,0
10495,DB00290,CELL_DRUG,SCC90,0
10496,DB00290,CELL_DRUG,SKN-3,0
10607,DB00914,CELL_DRUG,BB30-HNC,0
10608,DB00914,CELL_DRUG,BB49-HNC,0
10611,DB00914,CELL_DRUG,BHY,0
10612,DB00914,CELL_DRUG,Ca9-22,0
10615,DB00914,CELL_DRUG,CAL-33,0
10627,DB00914,CELL_DRUG,HO-1-u-1,0
10628,DB00914,CELL_DRUG,HSC-2,0
10632,DB00914,CELL_DRUG,KOSC-2,0
10643,DB00914,CELL_DRUG,LB771-HNC,0
10755,DB00914,CELL_DRUG,Detroit562,0
10770,DB00914,CELL_DRUG,FADU,0
10798,DB00914,CELL_DRUG,HSC-3,0
10799,DB00914,CELL_DRUG,HSC-4,0
10943,DB00914,CELL_DRUG,RPMI-2650,0
10950,DB00914,CELL_DRUG,SAS,0
10951,DB00914,CELL_DRUG,SCC-9,0
11036,DB00914,CELL_DRUG,SCC-25,0
11054,DB00914,CELL_DRUG,SCC-4,0
11059,DB00914,CELL_DRUG,SCC-15,0
11061,DB00914,CELL_DRUG,CAL-27,0
11076,DB00914,CELL_DRUG,DOK,0
11095,DB00914,CELL_DRUG,HO-1-N-1,0
11164,DB00914,CELL_DRUG,BICR22,0
11165,DB00914,CELL_DRUG,BICR78,0
11194,DB00914,CELL_DRUG,JHU-011,0
11195,DB00914,CELL_DRUG,JHU-022,0
11218,DB00914,CELL_DRUG,OSC-20,0
11225,DB00914,CELL_DRUG,PCI-15A,0
11226,DB00914,CELL_DRUG,PCI-38,0
11227,DB00914,CELL_DRUG,PCI-6A,0
11250,DB00914,CELL_DRUG,BICR10,0
11251,DB00914,CELL_DRUG,BICR31,0
11291,DB00914,CELL_DRUG,KON,0
11308,DB00914,CELL_DRUG,OSC-19,0
11313,DB00914,CELL_DRUG,PCI-30,0
11314,DB00914,CELL_DRUG,PCI-4B,0
11320,DB00914,CELL_DRUG,SAT,0
11321,DB00914,CELL_DRUG,SKN-3,0
11473,DB06589,CELL_DRUG,BB49-HNC,0
11474,DB06589,CELL_DRUG,Ca9-22,0
11475,DB06589,CELL_DRUG,CAL-33,0
11482,DB06589,CELL_DRUG,HSC-2,0
11486,DB06589,CELL_DRUG,KOSC-2,0
11493,DB06589,CELL_DRUG,LB771-HNC,0
11562,DB06589,CELL_DRUG,Detroit562,0
11574,DB06589,CELL_DRUG,FADU,0
11587,DB06589,CELL_DRUG,HN,0
11588,DB06589,CELL_DRUG,HSC-3,0
11589,DB06589,CELL_DRUG,HSC-4,0
11668,DB06589,CELL_DRUG,RPMI-2650,0
11671,DB06589,CELL_DRUG,SCC-9,0
11722,DB06589,CELL_DRUG,SCC-25,0
11729,DB06589,CELL_DRUG,SCC-4,0
11733,DB06589,CELL_DRUG,SCC-15,0
11734,DB06589,CELL_DRUG,CAL-27,0
11742,DB06589,CELL_DRUG,DOK,0
11790,DB06589,CELL_DRUG,BICR22,0
11791,DB06589,CELL_DRUG,BICR78,0
11808,DB06589,CELL_DRUG,JHU-022,0
11827,DB06589,CELL_DRUG,PCI-15A,0
11828,DB06589,CELL_DRUG,PCI-38,0
11829,DB06589,CELL_DRUG,PCI-6A,0
11842,DB06589,CELL_DRUG,BICR31,0
11858,DB06589,CELL_DRUG,KON,0
11870,DB06589,CELL_DRUG,OSC-19,0
11875,DB06589,CELL_DRUG,PCI-30,0
11876,DB06589,CELL_DRUG,PCI-4B,0
11880,DB06589,CELL_DRUG,SAT,0
11881,DB06589,CELL_DRUG,SCC90,0
11882,DB06589,CELL_DRUG,SKN-3,0
11958,DB04960,CELL_DRUG,HN,0
12019,DB04960,CELL_DRUG,DOK,0
12064,DB04960,CELL_DRUG,PCI-30,0
12066,DB04960,CELL_DRUG,SAT,0
12067,DB04960,CELL_DRUG,SKN-3,0
12080,DB08877,CELL_DRUG,HN,0
12102,DB08877,CELL_DRUG,BB30-HNC,0
12104,DB08877,CELL_DRUG,BHY,0
12139,DB08877,CELL_DRUG,RPMI-2650,0
12150,DB08877,CELL_DRUG,SCC-25,0
12175,DB08877,CELL_DRUG,JHU-011,0
12177,DB08877,CELL_DRUG,PCI-15A,0
12178,DB08877,CELL_DRUG,PCI-38,0
12179,DB08877,CELL_DRUG,PCI-6A,0
12183,DB08877,CELL_DRUG,BICR31,0
12188,DB08877,CELL_DRUG,KON,0
12190,DB08877,CELL_DRUG,OSC-19,0
12316,DB08142,CELL_DRUG,BICR10,0
12321,DB08142,CELL_DRUG,KON,0
12327,DB08142,CELL_DRUG,PCI-30,0
12347,DB04769,CELL_DRUG,HO-1-u-1,0
12363,DB04769,CELL_DRUG,HN,0
12364,DB04769,CELL_DRUG,HSC-4,0
12405,DB04769,CELL_DRUG,PCI-30,0
12516,DB04769,CELL_DRUG,Detroit562,0
12523,DB04769,CELL_DRUG,FADU,0
12539,DB04769,CELL_DRUG,HSC-3,0
12604,DB04769,CELL_DRUG,RPMI-2650,0
12647,DB04769,CELL_DRUG,SCC-4,0
12666,DB04769,CELL_DRUG,HO-1-N-1,0
12704,DB04769,CELL_DRUG,BICR78,0
12717,DB04769,CELL_DRUG,JHU-022,0
12728,DB04769,CELL_DRUG,PCI-15A,0
12729,DB04769,CELL_DRUG,PCI-38,0
12737,DB04769,CELL_DRUG,BICR10,0
12751,DB04769,CELL_DRUG,KON,0
12762,DB04769,CELL_DRUG,SKN-3,0
12803,DB06486,CELL_DRUG,HO-1-u-1,0
12822,DB06486,CELL_DRUG,HN,0
12823,DB06486,CELL_DRUG,HSC-4,0
12844,DB06486,CELL_DRUG,SCC-15,0
12877,DB06486,CELL_DRUG,PCI-30,0
12943,DB06486,CELL_DRUG,BB49-HNC,0
12945,DB06486,CELL_DRUG,Ca9-22,0
12946,DB06486,CELL_DRUG,CAL-33,0
12954,DB06486,CELL_DRUG,HSC-2,0
13010,DB06486,CELL_DRUG,Detroit562,0
13018,DB06486,CELL_DRUG,FADU,0
13032,DB06486,CELL_DRUG,HSC-3,0
13099,DB06486,CELL_DRUG,RPMI-2650,0
13102,DB06486,CELL_DRUG,SAS,0
13147,DB06486,CELL_DRUG,SCC-4,0
13158,DB06486,CELL_DRUG,DOK,0
13169,DB06486,CELL_DRUG,HO-1-N-1,0
13208,DB06486,CELL_DRUG,BICR22,0
13209,DB06486,CELL_DRUG,BICR78,0
13236,DB06486,CELL_DRUG,PCI-38,0
13243,DB06486,CELL_DRUG,BICR10,0
13244,DB06486,CELL_DRUG,BICR31,0
13259,DB06486,CELL_DRUG,KON,0
13269,DB06486,CELL_DRUG,OSC-19,0
13273,DB06486,CELL_DRUG,SAT,0
13274,DB06486,CELL_DRUG,SCC90,0
13275,DB06486,CELL_DRUG,SKN-3,0
13319,DB09054,CELL_DRUG,HO-1-u-1,0
13348,DB09054,CELL_DRUG,HN,0
13349,DB09054,CELL_DRUG,HSC-4,0
13376,DB09054,CELL_DRUG,SCC-15,0
13396,DB09054,CELL_DRUG,OSC-20,0
13428,DB09054,CELL_DRUG,PCI-30,0
13518,DB09054,CELL_DRUG,BB30-HNC,0
13519,DB09054,CELL_DRUG,BB49-HNC,0
13521,DB09054,CELL_DRUG,BHY,0
13522,DB09054,CELL_DRUG,Ca9-22,0
13525,DB09054,CELL_DRUG,CAL-33,0
13536,DB09054,CELL_DRUG,HSC-2,0
13546,DB09054,CELL_DRUG,LB771-HNC,0
13630,DB09054,CELL_DRUG,Detroit562,0
13644,DB09054,CELL_DRUG,FADU,0
13665,DB09054,CELL_DRUG,HSC-3,0
13770,DB09054,CELL_DRUG,RPMI-2650,0
13774,DB09054,CELL_DRUG,SAS,0
13837,DB09054,CELL_DRUG,SCC-25,0
13847,DB09054,CELL_DRUG,SCC-4,0
13852,DB09054,CELL_DRUG,CAL-27,0
13864,DB09054,CELL_DRUG,DOK,0
13880,DB09054,CELL_DRUG,HO-1-N-1,0
13940,DB09054,CELL_DRUG,BICR22,0
13941,DB09054,CELL_DRUG,BICR78,0
13962,DB09054,CELL_DRUG,JHU-011,0
13963,DB09054,CELL_DRUG,JHU-022,0
13986,DB09054,CELL_DRUG,PCI-15A,0
13987,DB09054,CELL_DRUG,PCI-38,0
13988,DB09054,CELL_DRUG,PCI-6A,0
13999,DB09054,CELL_DRUG,BICR10,0
14000,DB09054,CELL_DRUG,BICR31,0
14021,DB09054,CELL_DRUG,KON,0
14032,DB09054,CELL_DRUG,OSC-19,0
14034,DB09054,CELL_DRUG,PCI-4B,0
14039,DB09054,CELL_DRUG,SAT,0
14040,DB09054,CELL_DRUG,SKN-3,0
14148,DB08875,CELL_DRUG,BB49-HNC,0
14213,DB08875,CELL_DRUG,Detroit562,0
14217,DB08875,CELL_DRUG,FADU,0
14227,DB08875,CELL_DRUG,HN,0
14229,DB08875,CELL_DRUG,HSC-3,0
14230,DB08875,CELL_DRUG,HSC-4,0
14334,DB08875,CELL_DRUG,SCC-4,0
14341,DB08875,CELL_DRUG,DOK,0
14346,DB08875,CELL_DRUG,HO-1-N-1,0
14372,DB08875,CELL_DRUG,BICR78,0
14380,DB08875,CELL_DRUG,JHU-022,0
14394,DB08875,CELL_DRUG,PCI-15A,0
14408,DB08875,CELL_DRUG,BICR10,0
14431,DB08875,CELL_DRUG,KON,0
14443,DB08875,CELL_DRUG,PCI-30,0
14448,DB08875,CELL_DRUG,SKN-3,0
14481,DB12874,CELL_DRUG,BB49-HNC,0
14499,DB12874,CELL_DRUG,HSC-4,0
14535,DB12874,CELL_DRUG,SCC-15,0
14537,DB12874,CELL_DRUG,DOK,0
14554,DB12874,CELL_DRUG,JHU-022,0
14571,DB12874,CELL_DRUG,SAT,0
14680,DB07794,CELL_DRUG,BB30-HNC,0
14681,DB07794,CELL_DRUG,BB49-HNC,0
14684,DB07794,CELL_DRUG,BHY,0
14685,DB07794,CELL_DRUG,Ca9-22,0
14688,DB07794,CELL_DRUG,CAL-33,0
14701,DB07794,CELL_DRUG,HO-1-u-1,0
14702,DB07794,CELL_DRUG,HSC-2,0
14705,DB07794,CELL_DRUG,KOSC-2,0
14715,DB07794,CELL_DRUG,LB771-HNC,0
14828,DB07794,CELL_DRUG,Detroit562,0
14843,DB07794,CELL_DRUG,FADU,0
14869,DB07794,CELL_DRUG,HN,0
14871,DB07794,CELL_DRUG,HSC-3,0
14872,DB07794,CELL_DRUG,HSC-4,0
15015,DB07794,CELL_DRUG,RPMI-2650,0
15022,DB07794,CELL_DRUG,SAS,0
15023,DB07794,CELL_DRUG,SCC-9,0
15107,DB07794,CELL_DRUG,SCC-25,0
15125,DB07794,CELL_DRUG,SCC-4,0
15129,DB07794,CELL_DRUG,SCC-15,0
15131,DB07794,CELL_DRUG,CAL-27,0
15147,DB07794,CELL_DRUG,DOK,0
15164,DB07794,CELL_DRUG,HO-1-N-1,0
15236,DB07794,CELL_DRUG,BICR22,0
15237,DB07794,CELL_DRUG,BICR78,0
15267,DB07794,CELL_DRUG,JHU-011,0
15268,DB07794,CELL_DRUG,JHU-022,0
15291,DB07794,CELL_DRUG,OSC-20,0
15298,DB07794,CELL_DRUG,PCI-15A,0
15299,DB07794,CELL_DRUG,PCI-38,0
15300,DB07794,CELL_DRUG,PCI-6A,0
15321,DB07794,CELL_DRUG,BICR10,0
15322,DB07794,CELL_DRUG,BICR31,0
15361,DB07794,CELL_DRUG,KON,0
15377,DB07794,CELL_DRUG,OSC-19,0
15382,DB07794,CELL_DRUG,PCI-30,0
15383,DB07794,CELL_DRUG,PCI-4B,0
15389,DB07794,CELL_DRUG,SAT,0
15390,DB07794,CELL_DRUG,SKN-3,0
15535,DB05015,CELL_DRUG,PCI-15A,0
15600,DB06080,CELL_DRUG,SCC-9,0
15618,DB06080,CELL_DRUG,DOK,0
15732,DB11363,CELL_DRUG,BB30-HNC,0
15733,DB11363,CELL_DRUG,BB49-HNC,0
15736,DB11363,CELL_DRUG,BHY,0
15737,DB11363,CELL_DRUG,Ca9-22,0
15739,DB11363,CELL_DRUG,CAL-33,0
15751,DB11363,CELL_DRUG,HO-1-u-1,0
15752,DB11363,CELL_DRUG,HSC-2,0
15756,DB11363,CELL_DRUG,KOSC-2,0
15765,DB11363,CELL_DRUG,LB771-HNC,0
15863,DB11363,CELL_DRUG,Detroit562,0
15876,DB11363,CELL_DRUG,FADU,0
15899,DB11363,CELL_DRUG,HN,0
15901,DB11363,CELL_DRUG,HSC-3,0
15902,DB11363,CELL_DRUG,HSC-4,0
16012,DB11363,CELL_DRUG,RPMI-2650,0
16016,DB11363,CELL_DRUG,SAS,0
16087,DB11363,CELL_DRUG,SCC-25,0
16101,DB11363,CELL_DRUG,SCC-4,0
16106,DB11363,CELL_DRUG,SCC-15,0
16108,DB11363,CELL_DRUG,CAL-27,0
16121,DB11363,CELL_DRUG,DOK,0
16137,DB11363,CELL_DRUG,HO-1-N-1,0
16196,DB11363,CELL_DRUG,BICR22,0
16197,DB11363,CELL_DRUG,BICR78,0
16225,DB11363,CELL_DRUG,JHU-011,0
16226,DB11363,CELL_DRUG,JHU-022,0
16244,DB11363,CELL_DRUG,OSC-20,0
16250,DB11363,CELL_DRUG,PCI-15A,0
16251,DB11363,CELL_DRUG,PCI-38,0
16252,DB11363,CELL_DRUG,PCI-6A,0
16272,DB11363,CELL_DRUG,BICR10,0
16273,DB11363,CELL_DRUG,BICR31,0
16308,DB11363,CELL_DRUG,KON,0
16324,DB11363,CELL_DRUG,OSC-19,0
16329,DB11363,CELL_DRUG,PCI-30,0
16330,DB11363,CELL_DRUG,PCI-4B,0
16336,DB11363,CELL_DRUG,SAT,0
16337,DB11363,CELL_DRUG,SKN-3,0
16430,DB05524,CELL_DRUG,BB49-HNC,0
16438,DB05524,CELL_DRUG,KOSC-2,0
16548,DB05524,CELL_DRUG,SCC-4,0
16580,DB05524,CELL_DRUG,BICR22,0
16621,DB05524,CELL_DRUG,KON,0
16629,DB05524,CELL_DRUG,PCI-30,0
16632,DB05524,CELL_DRUG,SKN-3,0
16731,DB12742,CELL_DRUG,BB30-HNC,0
16732,DB12742,CELL_DRUG,BB49-HNC,0
16733,DB12742,CELL_DRUG,BHY,0
16734,DB12742,CELL_DRUG,Ca9-22,0
16735,DB12742,CELL_DRUG,CAL-33,0
16745,DB12742,CELL_DRUG,HO-1-u-1,0
16746,DB12742,CELL_DRUG,HSC-2,0
16749,DB12742,CELL_DRUG,KOSC-2,0
16839,DB12742,CELL_DRUG,Detroit562,0
16852,DB12742,CELL_DRUG,FADU,0
16871,DB12742,CELL_DRUG,HSC-3,0
16973,DB12742,CELL_DRUG,RPMI-2650,0
16977,DB12742,CELL_DRUG,SAS,0
16978,DB12742,CELL_DRUG,SCC-9,0
17042,DB12742,CELL_DRUG,SCC-25,0
17057,DB12742,CELL_DRUG,SCC-4,0
17062,DB12742,CELL_DRUG,SCC-15,0
17064,DB12742,CELL_DRUG,CAL-27,0
17075,DB12742,CELL_DRUG,DOK,0
17088,DB12742,CELL_DRUG,HO-1-N-1,0
17138,DB12742,CELL_DRUG,BICR78,0
17162,DB12742,CELL_DRUG,JHU-011,0
17163,DB12742,CELL_DRUG,JHU-022,0
17179,DB12742,CELL_DRUG,OSC-20,0
17186,DB12742,CELL_DRUG,PCI-15A,0
17187,DB12742,CELL_DRUG,PCI-38,0
17188,DB12742,CELL_DRUG,PCI-6A,0
17207,DB12742,CELL_DRUG,BICR10,0
17208,DB12742,CELL_DRUG,BICR31,0
17236,DB12742,CELL_DRUG,KON,0
17252,DB12742,CELL_DRUG,OSC-19,0
17257,DB12742,CELL_DRUG,PCI-30,0
17258,DB12742,CELL_DRUG,PCI-4B,0
17264,DB12742,CELL_DRUG,SAT,0
17265,DB12742,CELL_DRUG,SKN-3,0
17411,DB05913,CELL_DRUG,BB30-HNC,0
17412,DB05913,CELL_DRUG,BB49-HNC,0
17415,DB05913,CELL_DRUG,BHY,0
17416,DB05913,CELL_DRUG,Ca9-22,0
17418,DB05913,CELL_DRUG,CAL-33,0
17429,DB05913,CELL_DRUG,HO-1-u-1,0
17430,DB05913,CELL_DRUG,HSC-2,0
17434,DB05913,CELL_DRUG,KOSC-2,0
17444,DB05913,CELL_DRUG,LB771-HNC,0
17541,DB05913,CELL_DRUG,Detroit562,0
17553,DB05913,CELL_DRUG,FADU,0
17575,DB05913,CELL_DRUG,HN,0
17577,DB05913,CELL_DRUG,HSC-3,0
17578,DB05913,CELL_DRUG,HSC-4,0
17694,DB05913,CELL_DRUG,RPMI-2650,0
17698,DB05913,CELL_DRUG,SAS,0
17699,DB05913,CELL_DRUG,SCC-9,0
17775,DB05913,CELL_DRUG,SCC-25,0
17790,DB05913,CELL_DRUG,SCC-4,0
17794,DB05913,CELL_DRUG,SCC-15,0
17796,DB05913,CELL_DRUG,CAL-27,0
17807,DB05913,CELL_DRUG,DOK,0
17823,DB05913,CELL_DRUG,HO-1-N-1,0
17887,DB05913,CELL_DRUG,BICR22,0
17888,DB05913,CELL_DRUG,BICR78,0
17917,DB05913,CELL_DRUG,JHU-011,0
17918,DB05913,CELL_DRUG,JHU-022,0
17940,DB05913,CELL_DRUG,OSC-20,0
17947,DB05913,CELL_DRUG,PCI-15A,0
17948,DB05913,CELL_DRUG,PCI-38,0
17949,DB05913,CELL_DRUG,PCI-6A,0
17969,DB05913,CELL_DRUG,BICR10,0
17970,DB05913,CELL_DRUG,BICR31,0
18006,DB05913,CELL_DRUG,KON,0
18022,DB05913,CELL_DRUG,OSC-19,0
18027,DB05913,CELL_DRUG,PCI-30,0
18028,DB05913,CELL_DRUG,PCI-4B,0
18034,DB05913,CELL_DRUG,SAT,0
18035,DB05913,CELL_DRUG,SKN-3,0
18138,DB12500,CELL_DRUG,BB49-HNC,0
18146,DB12500,CELL_DRUG,HO-1-u-1,0
18153,DB12500,CELL_DRUG,LB771-HNC,0
18188,DB12500,CELL_DRUG,Detroit562,0
18192,DB12500,CELL_DRUG,FADU,0
18200,DB12500,CELL_DRUG,HN,0
18202,DB12500,CELL_DRUG,HSC-3,0
18203,DB12500,CELL_DRUG,HSC-4,0
18287,DB12500,CELL_DRUG,SCC-4,0
18291,DB12500,CELL_DRUG,SCC-15,0
18299,DB12500,CELL_DRUG,HO-1-N-1,0
18318,DB12500,CELL_DRUG,BICR78,0
18335,DB12500,CELL_DRUG,OSC-20,0
18337,DB12500,CELL_DRUG,PCI-38,0
18358,DB12500,CELL_DRUG,KON,0
18366,DB12500,CELL_DRUG,PCI-30,0
18369,DB12500,CELL_DRUG,SKN-3,0
18386,DB12307,CELL_DRUG,PCI-15A,0
18489,DB07080,CELL_DRUG,BB30-HNC,0
18490,DB07080,CELL_DRUG,BB49-HNC,0
18493,DB07080,CELL_DRUG,BHY,0
18494,DB07080,CELL_DRUG,Ca9-22,0
18497,DB07080,CELL_DRUG,CAL-33,0
18510,DB07080,CELL_DRUG,HO-1-u-1,0
18511,DB07080,CELL_DRUG,HSC-2,0
18514,DB07080,CELL_DRUG,KOSC-2,0
18523,DB07080,CELL_DRUG,LB771-HNC,0
18633,DB07080,CELL_DRUG,Detroit562,0
18647,DB07080,CELL_DRUG,FADU,0
18668,DB07080,CELL_DRUG,HN,0
18670,DB07080,CELL_DRUG,HSC-3,0
18671,DB07080,CELL_DRUG,HSC-4,0
18794,DB07080,CELL_DRUG,RPMI-2650,0
18798,DB07080,CELL_DRUG,SAS,0
18799,DB07080,CELL_DRUG,SCC-9,0
18877,DB07080,CELL_DRUG,SCC-25,0
18894,DB07080,CELL_DRUG,SCC-4,0
18898,DB07080,CELL_DRUG,SCC-15,0
18900,DB07080,CELL_DRUG,CAL-27,0
18914,DB07080,CELL_DRUG,DOK,0
18931,DB07080,CELL_DRUG,HO-1-N-1,0
18997,DB07080,CELL_DRUG,BICR22,0
18998,DB07080,CELL_DRUG,BICR78,0
19027,DB07080,CELL_DRUG,JHU-011,0
19028,DB07080,CELL_DRUG,JHU-022,0
19048,DB07080,CELL_DRUG,OSC-20,0
19055,DB07080,CELL_DRUG,PCI-15A,0
19056,DB07080,CELL_DRUG,PCI-38,0
19057,DB07080,CELL_DRUG,PCI-6A,0
19076,DB07080,CELL_DRUG,BICR10,0
19077,DB07080,CELL_DRUG,BICR31,0
19115,DB07080,CELL_DRUG,KON,0
19132,DB07080,CELL_DRUG,OSC-19,0
19137,DB07080,CELL_DRUG,PCI-30,0
19138,DB07080,CELL_DRUG,PCI-4B,0
19144,DB07080,CELL_DRUG,SAT,0
19145,DB07080,CELL_DRUG,SKN-3,0
19315,DB13978,CELL_DRUG,BB30-HNC,0
19316,DB13978,CELL_DRUG,BB49-HNC,0
19319,DB13978,CELL_DRUG,BHY,0
19320,DB13978,CELL_DRUG,Ca9-22,0
19323,DB13978,CELL_DRUG,CAL-33,0
19336,DB13978,CELL_DRUG,HO-1-u-1,0
19337,DB13978,CELL_DRUG,HSC-2,0
19341,DB13978,CELL_DRUG,KOSC-2,0
19352,DB13978,CELL_DRUG,LB771-HNC,0
19466,DB13978,CELL_DRUG,Detroit562,0
19481,DB13978,CELL_DRUG,FADU,0
19508,DB13978,CELL_DRUG,HN,0
19510,DB13978,CELL_DRUG,HSC-3,0
19511,DB13978,CELL_DRUG,HSC-4,0
19655,DB13978,CELL_DRUG,RPMI-2650,0
19662,DB13978,CELL_DRUG,SAS,0
19663,DB13978,CELL_DRUG,SCC-9,0
19749,DB13978,CELL_DRUG,SCC-25,0
19767,DB13978,CELL_DRUG,SCC-4,0
19772,DB13978,CELL_DRUG,SCC-15,0
19774,DB13978,CELL_DRUG,CAL-27,0
19789,DB13978,CELL_DRUG,DOK,0
19808,DB13978,CELL_DRUG,HO-1-N-1,0
19879,DB13978,CELL_DRUG,BICR22,0
19880,DB13978,CELL_DRUG,BICR78,0
19909,DB13978,CELL_DRUG,JHU-011,0
19910,DB13978,CELL_DRUG,JHU-022,0
19933,DB13978,CELL_DRUG,OSC-20,0
19940,DB13978,CELL_DRUG,PCI-15A,0
19941,DB13978,CELL_DRUG,PCI-38,0
19942,DB13978,CELL_DRUG,PCI-6A,0
19965,DB13978,CELL_DRUG,BICR10,0
19966,DB13978,CELL_DRUG,BICR31,0
20005,DB13978,CELL_DRUG,KON,0
20022,DB13978,CELL_DRUG,OSC-19,0
20027,DB13978,CELL_DRUG,PCI-30,0
20028,DB13978,CELL_DRUG,PCI-4B,0
20034,DB13978,CELL_DRUG,SAT,0
20035,DB13978,CELL_DRUG,SKN-3,0
20180,DB07859,CELL_DRUG,BB30-HNC,0
20181,DB07859,CELL_DRUG,BB49-HNC,0
20184,DB07859,CELL_DRUG,BHY,0
20185,DB07859,CELL_DRUG,CAL-33,0
20191,DB07859,CELL_DRUG,HO-1-u-1,0
20192,DB07859,CELL_DRUG,HSC-2,0
20195,DB07859,CELL_DRUG,KOSC-2,0
20202,DB07859,CELL_DRUG,LB771-HNC,0
20262,DB07859,CELL_DRUG,Detroit562,0
20270,DB07859,CELL_DRUG,FADU,0
20279,DB07859,CELL_DRUG,HN,0
20280,DB07859,CELL_DRUG,HSC-4,0
20348,DB07859,CELL_DRUG,RPMI-2650,0
20350,DB07859,CELL_DRUG,SAS,0
20351,DB07859,CELL_DRUG,SCC-9,0
20397,DB07859,CELL_DRUG,SCC-25,0
20408,DB07859,CELL_DRUG,SCC-4,0
20412,DB07859,CELL_DRUG,SCC-15,0
20414,DB07859,CELL_DRUG,CAL-27,0
20422,DB07859,CELL_DRUG,DOK,0
20459,DB07859,CELL_DRUG,BICR22,0
20460,DB07859,CELL_DRUG,BICR78,0
20478,DB07859,CELL_DRUG,JHU-011,0
20479,DB07859,CELL_DRUG,JHU-022,0
20495,DB07859,CELL_DRUG,OSC-20,0
20502,DB07859,CELL_DRUG,PCI-15A,0
20503,DB07859,CELL_DRUG,PCI-38,0
20504,DB07859,CELL_DRUG,PCI-6A,0
20516,DB07859,CELL_DRUG,BICR10,0
20517,DB07859,CELL_DRUG,BICR31,0
20541,DB07859,CELL_DRUG,KON,0
20553,DB07859,CELL_DRUG,OSC-19,0
20558,DB07859,CELL_DRUG,PCI-30,0
20622,DB05424,CELL_DRUG,BB49-HNC,0
20626,DB05424,CELL_DRUG,HO-1-u-1,0
20627,DB05424,CELL_DRUG,HSC-2,0
20630,DB05424,CELL_DRUG,LB771-HNC,0
20662,DB05424,CELL_DRUG,FADU,0
20665,DB05424,CELL_DRUG,HSC-4,0
20698,DB05424,CELL_DRUG,SAS,0
20746,DB05424,CELL_DRUG,BICR22,0
20747,DB05424,CELL_DRUG,BICR78,0
20763,DB05424,CELL_DRUG,PCI-38,0
20779,DB05424,CELL_DRUG,KON,0
20815,DB11963,CELL_DRUG,BB49-HNC,0
20818,DB11963,CELL_DRUG,HO-1-u-1,0
20821,DB11963,CELL_DRUG,LB771-HNC,0
20835,DB11963,CELL_DRUG,FADU,0
20837,DB11963,CELL_DRUG,HSC-4,0
20848,DB11963,CELL_DRUG,RPMI-2650,0
20849,DB11963,CELL_DRUG,SAS,0
20885,DB11963,CELL_DRUG,BICR78,0
20896,DB11963,CELL_DRUG,PCI-38,0
20897,DB11963,CELL_DRUG,BICR10,0
20902,DB11963,CELL_DRUG,KON,0
20974,DB11772,CELL_DRUG,BB49-HNC,0
20976,DB11772,CELL_DRUG,CAL-33,0
20983,DB11772,CELL_DRUG,HO-1-u-1,0
20984,DB11772,CELL_DRUG,HSC-2,0
20988,DB11772,CELL_DRUG,KOSC-2,0
20993,DB11772,CELL_DRUG,LB771-HNC,0
21062,DB11772,CELL_DRUG,Detroit562,0
21072,DB11772,CELL_DRUG,FADU,0
21089,DB11772,CELL_DRUG,HSC-3,0
21090,DB11772,CELL_DRUG,HSC-4,0
21173,DB11772,CELL_DRUG,SAS,0
21227,DB11772,CELL_DRUG,SCC-25,0
21237,DB11772,CELL_DRUG,SCC-4,0
21241,DB11772,CELL_DRUG,CAL-27,0
21249,DB11772,CELL_DRUG,DOK,0
21258,DB11772,CELL_DRUG,HO-1-N-1,0
21302,DB11772,CELL_DRUG,BICR22,0
21303,DB11772,CELL_DRUG,BICR78,0
21324,DB11772,CELL_DRUG,JHU-011,0
21325,DB11772,CELL_DRUG,JHU-022,0
21338,DB11772,CELL_DRUG,OSC-20,0
21344,DB11772,CELL_DRUG,PCI-15A,0
21345,DB11772,CELL_DRUG,PCI-38,0
21359,DB11772,CELL_DRUG,BICR10,0
21360,DB11772,CELL_DRUG,BICR31,0
21387,DB11772,CELL_DRUG,KON,0
21399,DB11772,CELL_DRUG,OSC-19,0
21404,DB11772,CELL_DRUG,PCI-30,0
21410,DB11772,CELL_DRUG,SAT,0
21521,DB00642,CELL_DRUG,BB49-HNC,0
21524,DB00642,CELL_DRUG,BHY,0
21525,DB00642,CELL_DRUG,Ca9-22,0
21531,DB00642,CELL_DRUG,HO-1-u-1,0
21532,DB00642,CELL_DRUG,HSC-2,0
21540,DB00642,CELL_DRUG,LB771-HNC,0
21588,DB00642,CELL_DRUG,Detroit562,0
21596,DB00642,CELL_DRUG,FADU,0
21606,DB00642,CELL_DRUG,HN,0
21663,DB00642,CELL_DRUG,RPMI-2650,0
21666,DB00642,CELL_DRUG,SCC-9,0
21709,DB00642,CELL_DRUG,SCC-25,0
21720,DB00642,CELL_DRUG,SCC-15,0
21727,DB00642,CELL_DRUG,DOK,0
21769,DB00642,CELL_DRUG,BICR78,0
21801,DB00642,CELL_DRUG,OSC-20,0
21819,DB00642,CELL_DRUG,BICR10,0
21820,DB00642,CELL_DRUG,BICR31,0
21855,DB00642,CELL_DRUG,OSC-19,0
21969,DB00642,CELL_DRUG,PCI-30,0
21986,DB05220,CELL_DRUG,HN,0
22118,DB01700,CELL_DRUG,BB30-HNC,0
22121,DB01700,CELL_DRUG,BHY,0
22122,DB01700,CELL_DRUG,Ca9-22,0
22125,DB01700,CELL_DRUG,CAL-33,0
22138,DB01700,CELL_DRUG,HO-1-u-1,0
22139,DB01700,CELL_DRUG,HSC-2,0
22145,DB01700,CELL_DRUG,KOSC-2,0
22156,DB01700,CELL_DRUG,LB771-HNC,0
22273,DB01700,CELL_DRUG,Detroit562,0
22291,DB01700,CELL_DRUG,FADU,0
22318,DB01700,CELL_DRUG,HN,0
22320,DB01700,CELL_DRUG,HSC-3,0
22321,DB01700,CELL_DRUG,HSC-4,0
22475,DB01700,CELL_DRUG,SAS,0
22476,DB01700,CELL_DRUG,SCC-9,0
22562,DB01700,CELL_DRUG,SCC-25,0
22582,DB01700,CELL_DRUG,SCC-4,0
22586,DB01700,CELL_DRUG,SCC-15,0
22587,DB01700,CELL_DRUG,CAL-27,0
22601,DB01700,CELL_DRUG,DOK,0
22619,DB01700,CELL_DRUG,HO-1-N-1,0
22694,DB01700,CELL_DRUG,BICR22,0
22695,DB01700,CELL_DRUG,BICR78,0
22729,DB01700,CELL_DRUG,JHU-011,0
22730,DB01700,CELL_DRUG,JHU-022,0
22753,DB01700,CELL_DRUG,OSC-20,0
22760,DB01700,CELL_DRUG,PCI-15A,0
22761,DB01700,CELL_DRUG,PCI-38,0
22762,DB01700,CELL_DRUG,PCI-6A,0
22785,DB01700,CELL_DRUG,BICR10,0
22820,DB01700,CELL_DRUG,JHU-029,0
22826,DB01700,CELL_DRUG,KON,0
22844,DB01700,CELL_DRUG,OSC-19,0
22849,DB01700,CELL_DRUG,PCI-30,0
22850,DB01700,CELL_DRUG,PCI-4B,0
22856,DB01700,CELL_DRUG,SAT,0
22857,DB01700,CELL_DRUG,SCC90,0
22858,DB01700,CELL_DRUG,SKN-3,0
22983,DB00515,CELL_DRUG,SCC-25,0
23000,DB00515,CELL_DRUG,PCI-15A,0
23006,DB00515,CELL_DRUG,OSC-19,0
23027,DB00987,CELL_DRUG,PCI-15A,0
23028,DB00987,CELL_DRUG,OSC-19,0
23111,DB00755,CELL_DRUG,BB30-HNC,0
23112,DB00755,CELL_DRUG,BB49-HNC,0
23114,DB00755,CELL_DRUG,BHY,0
23115,DB00755,CELL_DRUG,Ca9-22,0
23126,DB00755,CELL_DRUG,HSC-2,0
23138,DB00755,CELL_DRUG,LB771-HNC,0
23233,DB00755,CELL_DRUG,Detroit562,0
23244,DB00755,CELL_DRUG,FADU,0
23264,DB00755,CELL_DRUG,HN,0
23374,DB00755,CELL_DRUG,SAS,0
23375,DB00755,CELL_DRUG,SCC-9,0
23447,DB00755,CELL_DRUG,SCC-25,0
23584,DB00755,CELL_DRUG,OSC-20,0
23591,DB00755,CELL_DRUG,PCI-15A,0
23606,DB00755,CELL_DRUG,BICR10,0
23632,DB00755,CELL_DRUG,JHU-029,0
23638,DB00755,CELL_DRUG,KON,0
23656,DB00755,CELL_DRUG,OSC-19,0
23661,DB00755,CELL_DRUG,PCI-30,0
23662,DB00755,CELL_DRUG,PCI-4B,0
23667,DB00755,CELL_DRUG,SAT,0
23668,DB00755,CELL_DRUG,SCC90,0
23767,DB02546,CELL_DRUG,PCI-15A,0
23803,DB04868,CELL_DRUG,SCC-25,0
23819,DB04868,CELL_DRUG,PCI-15A,0
23825,DB04868,CELL_DRUG,JHU-029,0
23826,DB04868,CELL_DRUG,KON,0
23851,DB09074,CELL_DRUG,BHY,0
23857,DB09074,CELL_DRUG,KOSC-2,0
23896,DB09074,CELL_DRUG,SCC-25,0
23918,DB09074,CELL_DRUG,PCI-15A,0
23932,DB09074,CELL_DRUG,OSC-19,0
24044,DB07232,CELL_DRUG,BB49-HNC,0
24046,DB07232,CELL_DRUG,BHY,0
24047,DB07232,CELL_DRUG,Ca9-22,0
24061,DB07232,CELL_DRUG,HO-1-u-1,0
24062,DB07232,CELL_DRUG,HSC-2,0
24176,DB07232,CELL_DRUG,Detroit562,0
24192,DB07232,CELL_DRUG,FADU,0
24211,DB07232,CELL_DRUG,HN,0
24213,DB07232,CELL_DRUG,HSC-3,0
24214,DB07232,CELL_DRUG,HSC-4,0
24342,DB07232,CELL_DRUG,SCC-9,0
24420,DB07232,CELL_DRUG,SCC-25,0
24439,DB07232,CELL_DRUG,SCC-4,0
24443,DB07232,CELL_DRUG,SCC-15,0
24456,DB07232,CELL_DRUG,DOK,0
24470,DB07232,CELL_DRUG,HO-1-N-1,0
24540,DB07232,CELL_DRUG,BICR22,0
24541,DB07232,CELL_DRUG,BICR78,0
24571,DB07232,CELL_DRUG,JHU-011,0
24572,DB07232,CELL_DRUG,JHU-022,0
24592,DB07232,CELL_DRUG,OSC-20,0
24599,DB07232,CELL_DRUG,PCI-38,0
24618,DB07232,CELL_DRUG,BICR10,0
24651,DB07232,CELL_DRUG,JHU-029,0
24656,DB07232,CELL_DRUG,KON,0
24674,DB07232,CELL_DRUG,OSC-19,0
24679,DB07232,CELL_DRUG,PCI-4B,0
24685,DB07232,CELL_DRUG,SCC90,0
24686,DB07232,CELL_DRUG,SKN-3,0
24806,DB06616,CELL_DRUG,BB49-HNC,0
25060,DB00480,CELL_DRUG,BB49-HNC,0
25063,DB00480,CELL_DRUG,BHY,0
25064,DB00480,CELL_DRUG,Ca9-22,0
25077,DB00480,CELL_DRUG,HO-1-u-1,0
25078,DB00480,CELL_DRUG,HSC-2,0
25084,DB00480,CELL_DRUG,KOSC-2,0
25191,DB00480,CELL_DRUG,Detroit562,0
25208,DB00480,CELL_DRUG,FADU,0
25231,DB00480,CELL_DRUG,HN,0
25233,DB00480,CELL_DRUG,HSC-3,0
25361,DB00480,CELL_DRUG,SAS,0
25362,DB00480,CELL_DRUG,SCC-9,0
25440,DB00480,CELL_DRUG,SCC-25,0
25459,DB00480,CELL_DRUG,SCC-4,0
25462,DB00480,CELL_DRUG,SCC-15,0
25464,DB00480,CELL_DRUG,CAL-27,0
25490,DB00480,CELL_DRUG,HO-1-N-1,0
25560,DB00480,CELL_DRUG,BICR78,0
25591,DB00480,CELL_DRUG,JHU-011,0
25592,DB00480,CELL_DRUG,JHU-022,0
25613,DB00480,CELL_DRUG,OSC-20,0
25620,DB00480,CELL_DRUG,PCI-15A,0
25621,DB00480,CELL_DRUG,PCI-38,0
25622,DB00480,CELL_DRUG,PCI-6A,0
25643,DB00480,CELL_DRUG,BICR10,0
25676,DB00480,CELL_DRUG,JHU-029,0
25682,DB00480,CELL_DRUG,KON,0
25700,DB00480,CELL_DRUG,OSC-19,0
25705,DB00480,CELL_DRUG,PCI-30,0
25706,DB00480,CELL_DRUG,PCI-4B,0
25712,DB00480,CELL_DRUG,SCC90,0
25713,DB00480,CELL_DRUG,SKN-3,0
25814,DB06626,CELL_DRUG,SCC-25,0
25916,DB05470,CELL_DRUG,BB30-HNC,0
25917,DB05470,CELL_DRUG,BB49-HNC,0
25929,DB05470,CELL_DRUG,KOSC-2,0
25937,DB05470,CELL_DRUG,LB771-HNC,0
26001,DB05470,CELL_DRUG,FADU,0
26080,DB05470,CELL_DRUG,SCC-9,0
26128,DB05470,CELL_DRUG,SCC-25,0
26136,DB05470,CELL_DRUG,SCC-4,0
26209,DB05470,CELL_DRUG,JHU-022,0
26258,DB05470,CELL_DRUG,KON,0
26278,DB05470,CELL_DRUG,SCC90,0
26415,DB08828,CELL_DRUG,BB30-HNC,0
26416,DB08828,CELL_DRUG,BB49-HNC,0
26419,DB08828,CELL_DRUG,BHY,0
26420,DB08828,CELL_DRUG,Ca9-22,0
26423,DB08828,CELL_DRUG,CAL-33,0
26435,DB08828,CELL_DRUG,HO-1-u-1,0
26436,DB08828,CELL_DRUG,HSC-2,0
26442,DB08828,CELL_DRUG,KOSC-2,0
26452,DB08828,CELL_DRUG,LB771-HNC,0
26562,DB08828,CELL_DRUG,Detroit562,0
26579,DB08828,CELL_DRUG,FADU,0
26603,DB08828,CELL_DRUG,HSC-4,0
26747,DB08828,CELL_DRUG,SAS,0
26748,DB08828,CELL_DRUG,SCC-9,0
26829,DB08828,CELL_DRUG,SCC-25,0
26847,DB08828,CELL_DRUG,SCC-4,0
26851,DB08828,CELL_DRUG,SCC-15,0
26882,DB08828,CELL_DRUG,HO-1-N-1,0
26955,DB08828,CELL_DRUG,BICR22,0
26956,DB08828,CELL_DRUG,BICR78,0
26989,DB08828,CELL_DRUG,JHU-011,0
26990,DB08828,CELL_DRUG,JHU-022,0
27013,DB08828,CELL_DRUG,OSC-20,0
27020,DB08828,CELL_DRUG,PCI-15A,0
27021,DB08828,CELL_DRUG,PCI-38,0
27022,DB08828,CELL_DRUG,PCI-6A,0
27044,DB08828,CELL_DRUG,BICR10,0
27078,DB08828,CELL_DRUG,JHU-029,0
27084,DB08828,CELL_DRUG,KON,0
27102,DB08828,CELL_DRUG,OSC-19,0
27107,DB08828,CELL_DRUG,PCI-30,0
27108,DB08828,CELL_DRUG,PCI-4B,0
27114,DB08828,CELL_DRUG,SAT,0
27115,DB08828,CELL_DRUG,SCC90,0
27116,DB08828,CELL_DRUG,SKN-3,0
27215,DB06999,CELL_DRUG,BB30-HNC,0
27217,DB06999,CELL_DRUG,BHY,0
27220,DB06999,CELL_DRUG,KOSC-2,0
27258,DB06999,CELL_DRUG,SCC-25,0
27274,DB06999,CELL_DRUG,PCI-15A,0
27281,DB06999,CELL_DRUG,JHU-029,0
27283,DB06999,CELL_DRUG,KON,0
27287,DB06999,CELL_DRUG,OSC-19,0
27319,DB03044,CELL_DRUG,BB30-HNC,0
27321,DB03044,CELL_DRUG,BHY,0
27327,DB03044,CELL_DRUG,KOSC-2,0
27348,DB03044,CELL_DRUG,HN,0
27378,DB03044,CELL_DRUG,SCC-25,0
27401,DB03044,CELL_DRUG,JHU-011,0
27405,DB03044,CELL_DRUG,PCI-38,0
27406,DB03044,CELL_DRUG,PCI-6A,0
27415,DB03044,CELL_DRUG,JHU-029,0
27421,DB03044,CELL_DRUG,OSC-19,0
27516,DB11689,CELL_DRUG,PCI-15A,0
27523,DB11689,CELL_DRUG,JHU-029,0
27636,DB00002,CELL_DRUG,BB30-HNC,0
27637,DB00002,CELL_DRUG,BB49-HNC,0
27640,DB00002,CELL_DRUG,BHY,0
27641,DB00002,CELL_DRUG,Ca9-22,0
27656,DB00002,CELL_DRUG,HO-1-u-1,0
27657,DB00002,CELL_DRUG,HSC-2,0
27663,DB00002,CELL_DRUG,KOSC-2,0
27671,DB00002,CELL_DRUG,LB771-HNC,0
27782,DB00002,CELL_DRUG,Detroit562,0
27822,DB00002,CELL_DRUG,HN,0
27824,DB00002,CELL_DRUG,HSC-3,0
27961,DB00002,CELL_DRUG,SAS,0
27962,DB00002,CELL_DRUG,SCC-9,0
28041,DB00002,CELL_DRUG,SCC-25,0
28059,DB00002,CELL_DRUG,SCC-4,0
28063,DB00002,CELL_DRUG,SCC-15,0
28065,DB00002,CELL_DRUG,CAL-27,0
28094,DB00002,CELL_DRUG,HO-1-N-1,0
28164,DB00002,CELL_DRUG,BICR22,0
28165,DB00002,CELL_DRUG,BICR78,0
28194,DB00002,CELL_DRUG,JHU-022,0
28216,DB00002,CELL_DRUG,OSC-20,0
28221,DB00002,CELL_DRUG,PCI-15A,0
28222,DB00002,CELL_DRUG,PCI-38,0
28223,DB00002,CELL_DRUG,PCI-6A,0
28242,DB00002,CELL_DRUG,BICR10,0
28277,DB00002,CELL_DRUG,KON,0
28292,DB00002,CELL_DRUG,OSC-19,0
28296,DB00002,CELL_DRUG,PCI-30,0
28297,DB00002,CELL_DRUG,PCI-4B,0
28303,DB00002,CELL_DRUG,SAT,0
28304,DB00002,CELL_DRUG,SCC90,0
28305,DB00002,CELL_DRUG,SKN-3,0
28444,DB07594,CELL_DRUG,BHY,0
28462,DB07594,CELL_DRUG,LB771-HNC,0
28703,DB07594,CELL_DRUG,BICR22,0
28787,DB07594,CELL_DRUG,SCC90,0
28788,DB07594,CELL_DRUG,SKN-3,0
28907,DB12332,CELL_DRUG,BB49-HNC,0
28910,DB12332,CELL_DRUG,BHY,0
28935,DB12332,CELL_DRUG,LB771-HNC,0
29001,DB12332,CELL_DRUG,Detroit562,0
29021,DB12332,CELL_DRUG,HN,0
29022,DB12332,CELL_DRUG,HSC-3,0
29123,DB12332,CELL_DRUG,SAS,0
29124,DB12332,CELL_DRUG,SCC-9,0
29188,DB12332,CELL_DRUG,SCC-25,0
29205,DB12332,CELL_DRUG,CAL-27,0
29215,DB12332,CELL_DRUG,DOK,0
29271,DB12332,CELL_DRUG,BICR78,0
29296,DB12332,CELL_DRUG,JHU-022,0
29316,DB12332,CELL_DRUG,PCI-15A,0
29330,DB12332,CELL_DRUG,BICR10,0
29360,DB12332,CELL_DRUG,JHU-029,0
29382,DB12332,CELL_DRUG,OSC-19,0
29386,DB12332,CELL_DRUG,PCI-30,0
29392,DB12332,CELL_DRUG,SAT,0
29393,DB12332,CELL_DRUG,SCC90,0
29483,DB00675,CELL_DRUG,BHY,0
29489,DB00675,CELL_DRUG,KOSC-2,0
29506,DB00675,CELL_DRUG,HN,0
29551,DB00675,CELL_DRUG,JHU-011,0
29554,DB00675,CELL_DRUG,PCI-15A,0
29555,DB00675,CELL_DRUG,PCI-38,0
29556,DB00675,CELL_DRUG,PCI-6A,0
29568,DB00675,CELL_DRUG,OSC-19,0
29610,DB11760,CELL_DRUG,SCC-25,0
29625,DB11760,CELL_DRUG,OSC-19,0
29651,DB06999,CELL_DRUG,JHU-011,0
29653,DB06999,CELL_DRUG,PCI-38,0
29654,DB06999,CELL_DRUG,PCI-6A,0
29669,DB08912,CELL_DRUG,BHY,0
29685,DB08912,CELL_DRUG,HN,0
29707,DB08912,CELL_DRUG,SCC-25,0
29726,DB08912,CELL_DRUG,PCI-15A,0
29727,DB08912,CELL_DRUG,PCI-38,0
29728,DB08912,CELL_DRUG,PCI-6A,0
29730,DB08912,CELL_DRUG,JHU-029,0
29734,DB08912,CELL_DRUG,OSC-19,0
29761,DB00853,CELL_DRUG,BB30-HNC,0
29764,DB00853,CELL_DRUG,BHY,0
29770,DB00853,CELL_DRUG,KOSC-2,0
29793,DB00853,CELL_DRUG,HN,0
29823,DB00853,CELL_DRUG,SCC-25,0
29850,DB00853,CELL_DRUG,PCI-15A,0
29851,DB00853,CELL_DRUG,PCI-38,0
29852,DB00853,CELL_DRUG,PCI-6A,0
29860,DB00853,CELL_DRUG,JHU-029,0
29863,DB00853,CELL_DRUG,KON,0
29867,DB00853,CELL_DRUG,OSC-19,0
30011,DB00947,CELL_DRUG,BHY,0
30060,DB00947,CELL_DRUG,SCC-25,0
30083,DB00947,CELL_DRUG,JHU-011,0
30085,DB00947,CELL_DRUG,PCI-15A,0
30086,DB00947,CELL_DRUG,PCI-6A,0
30094,DB00947,CELL_DRUG,JHU-029,0
30097,DB00947,CELL_DRUG,KON,0
30100,DB00947,CELL_DRUG,OSC-19,0
30142,DB09074,CELL_DRUG,PCI-38,0
30143,DB09074,CELL_DRUG,PCI-6A,0
30241,DB01128,CELL_DRUG,BB30-HNC,0
30242,DB01128,CELL_DRUG,BB49-HNC,0
30244,DB01128,CELL_DRUG,BHY,0
30245,DB01128,CELL_DRUG,Ca9-22,0
30257,DB01128,CELL_DRUG,HO-1-u-1,0
30258,DB01128,CELL_DRUG,HSC-2,0
30270,DB01128,CELL_DRUG,LB771-HNC,0
30362,DB01128,CELL_DRUG,Detroit562,0
30394,DB01128,CELL_DRUG,HN,0
30510,DB01128,CELL_DRUG,SAS,0
30572,DB01128,CELL_DRUG,SCC-25,0
30587,DB01128,CELL_DRUG,SCC-4,0
30590,DB01128,CELL_DRUG,CAL-27,0
30615,DB01128,CELL_DRUG,HO-1-N-1,0
30666,DB01128,CELL_DRUG,BICR22,0
30667,DB01128,CELL_DRUG,BICR78,0
30691,DB01128,CELL_DRUG,JHU-022,0
30711,DB01128,CELL_DRUG,OSC-20,0
30714,DB01128,CELL_DRUG,PCI-15A,0
30715,DB01128,CELL_DRUG,PCI-38,0
30716,DB01128,CELL_DRUG,PCI-6A,0
30733,DB01128,CELL_DRUG,BICR10,0
30757,DB01128,CELL_DRUG,JHU-029,0
30761,DB01128,CELL_DRUG,KON,0
30775,DB01128,CELL_DRUG,OSC-19,0
30778,DB01128,CELL_DRUG,PCI-4B,0
30784,DB01128,CELL_DRUG,SCC90,0
30785,DB01128,CELL_DRUG,SKN-3,0
30962,DB00515,CELL_DRUG,HO-1-u-1,0
30969,DB00515,CELL_DRUG,LB771-HNC,0
31087,DB00515,CELL_DRUG,SCC-9,0
31179,DB00515,CELL_DRUG,BICR78,0
31195,DB00515,CELL_DRUG,JHU-022,0
31206,DB00515,CELL_DRUG,OSC-20,0
31223,DB00515,CELL_DRUG,BICR10,0
31259,DB00515,CELL_DRUG,PCI-30,0
31264,DB00515,CELL_DRUG,SAT,0
31265,DB00515,CELL_DRUG,SCC90,0
31326,DB00987,CELL_DRUG,LB771-HNC,0
31442,DB00987,CELL_DRUG,BICR78,0
31490,DB00987,CELL_DRUG,PCI-30,0
31493,DB00987,CELL_DRUG,SAT,0
31494,DB00987,CELL_DRUG,SCC90,0
31573,DB00317,CELL_DRUG,LB771-HNC,0
31786,DB00317,CELL_DRUG,SCC-4,0
31885,DB00317,CELL_DRUG,BICR10,0
31917,DB00317,CELL_DRUG,PCI-30,0
32045,DB12340,CELL_DRUG,SCC-9,0
32073,DB12340,CELL_DRUG,SCC-15,0
32101,DB12340,CELL_DRUG,JHU-022,0
32131,DB12340,CELL_DRUG,SAT,0
32132,DB12340,CELL_DRUG,SKN-3,0
32163,DB02546,CELL_DRUG,LB771-HNC,0
32201,DB02546,CELL_DRUG,OSC-20,0
32214,DB02546,CELL_DRUG,SCC90,0
32282,DB04868,CELL_DRUG,BB49-HNC,0
32283,DB04868,CELL_DRUG,Ca9-22,0
32284,DB04868,CELL_DRUG,CAL-33,0
32298,DB04868,CELL_DRUG,LB771-HNC,0
32367,DB04868,CELL_DRUG,FADU,0
32378,DB04868,CELL_DRUG,HSC-4,0
32454,DB04868,CELL_DRUG,SCC-9,0
32511,DB04868,CELL_DRUG,SCC-4,0
32515,DB04868,CELL_DRUG,SCC-15,0
32517,DB04868,CELL_DRUG,CAL-27,0
32521,DB04868,CELL_DRUG,DOK,0
32533,DB04868,CELL_DRUG,HO-1-N-1,0
32572,DB04868,CELL_DRUG,BICR22,0
32573,DB04868,CELL_DRUG,BICR78,0
32592,DB04868,CELL_DRUG,JHU-022,0
32607,DB04868,CELL_DRUG,OSC-20,0
32625,DB04868,CELL_DRUG,BICR10,0
32663,DB04868,CELL_DRUG,PCI-30,0
32668,DB04868,CELL_DRUG,SAT,0
32669,DB04868,CELL_DRUG,SCC90,0
32857,DB09074,CELL_DRUG,BB49-HNC,0
32858,DB09074,CELL_DRUG,Ca9-22,0
32859,DB09074,CELL_DRUG,CAL-33,0
32865,DB09074,CELL_DRUG,HO-1-u-1,0
32866,DB09074,CELL_DRUG,HSC-2,0
32874,DB09074,CELL_DRUG,LB771-HNC,0
32942,DB09074,CELL_DRUG,Detroit562,0
32953,DB09074,CELL_DRUG,FADU,0
32971,DB09074,CELL_DRUG,HSC-3,0
32972,DB09074,CELL_DRUG,HSC-4,0
33065,DB09074,CELL_DRUG,SAS,0
33066,DB09074,CELL_DRUG,SCC-9,0
33130,DB09074,CELL_DRUG,SCC-4,0
33133,DB09074,CELL_DRUG,SCC-15,0
33144,DB09074,CELL_DRUG,DOK,0
33156,DB09074,CELL_DRUG,HO-1-N-1,0
33194,DB09074,CELL_DRUG,BICR22,0
33195,DB09074,CELL_DRUG,BICR78,0
33217,DB09074,CELL_DRUG,JHU-022,0
33232,DB09074,CELL_DRUG,OSC-20,0
33253,DB09074,CELL_DRUG,BICR10,0
33295,DB09074,CELL_DRUG,PCI-30,0
33300,DB09074,CELL_DRUG,SAT,0
33301,DB09074,CELL_DRUG,SCC90,0
33302,DB09074,CELL_DRUG,SKN-3,0
33396,DB08916,CELL_DRUG,LB771-HNC,0
33587,DB06999,CELL_DRUG,BB49-HNC,0
33588,DB06999,CELL_DRUG,Ca9-22,0
33590,DB06999,CELL_DRUG,CAL-33,0
33608,DB06999,CELL_DRUG,LB771-HNC,0
33691,DB06999,CELL_DRUG,Detroit562,0
33703,DB06999,CELL_DRUG,FADU,0
33728,DB06999,CELL_DRUG,HSC-3,0
33729,DB06999,CELL_DRUG,HSC-4,0
33839,DB06999,CELL_DRUG,SAS,0
33840,DB06999,CELL_DRUG,SCC-9,0
33918,DB06999,CELL_DRUG,SCC-4,0
33923,DB06999,CELL_DRUG,SCC-15,0
33925,DB06999,CELL_DRUG,CAL-27,0
33933,DB06999,CELL_DRUG,DOK,0
33950,DB06999,CELL_DRUG,HO-1-N-1,0
33999,DB06999,CELL_DRUG,BICR22,0
34000,DB06999,CELL_DRUG,BICR78,0
34025,DB06999,CELL_DRUG,JHU-022,0
34043,DB06999,CELL_DRUG,OSC-20,0
34065,DB06999,CELL_DRUG,BICR10,0
34114,DB06999,CELL_DRUG,PCI-30,0
34115,DB06999,CELL_DRUG,PCI-4B,0
34121,DB06999,CELL_DRUG,SAT,0
34122,DB06999,CELL_DRUG,SCC90,0
34123,DB06999,CELL_DRUG,SKN-3,0
34256,DB05220,CELL_DRUG,LB771-HNC,0
34302,DB05220,CELL_DRUG,HSC-4,0
34363,DB05220,CELL_DRUG,SCC-15,0
34385,DB05220,CELL_DRUG,BICR78,0
34395,DB05220,CELL_DRUG,JHU-022,0
34579,DB09073,CELL_DRUG,Ca9-22,0
34580,DB09073,CELL_DRUG,CAL-33,0
34585,DB09073,CELL_DRUG,HSC-2,0
34593,DB09073,CELL_DRUG,LB771-HNC,0
34649,DB09073,CELL_DRUG,Detroit562,0
34655,DB09073,CELL_DRUG,FADU,0
34668,DB09073,CELL_DRUG,HSC-4,0
34729,DB09073,CELL_DRUG,SCC-9,0
34778,DB09073,CELL_DRUG,SCC-4,0
34780,DB09073,CELL_DRUG,SCC-15,0
34782,DB09073,CELL_DRUG,CAL-27,0
34787,DB09073,CELL_DRUG,DOK,0
34795,DB09073,CELL_DRUG,HO-1-N-1,0
34827,DB09073,CELL_DRUG,BICR22,0
34828,DB09073,CELL_DRUG,BICR78,0
34846,DB09073,CELL_DRUG,JHU-022,0
34858,DB09073,CELL_DRUG,OSC-20,0
34878,DB09073,CELL_DRUG,BICR10,0
34917,DB09073,CELL_DRUG,SAT,0
34918,DB09073,CELL_DRUG,SCC90,0
34919,DB09073,CELL_DRUG,SKN-3,0
35148,DB00544,CELL_DRUG,BB49-HNC,0
35149,DB00544,CELL_DRUG,Ca9-22,0
35150,DB00544,CELL_DRUG,CAL-33,0
35159,DB00544,CELL_DRUG,HO-1-u-1,0
35160,DB00544,CELL_DRUG,HSC-2,0
35169,DB00544,CELL_DRUG,LB771-HNC,0
35244,DB00544,CELL_DRUG,Detroit562,0
35254,DB00544,CELL_DRUG,FADU,0
35274,DB00544,CELL_DRUG,HSC-3,0
35275,DB00544,CELL_DRUG,HSC-4,0
35369,DB00544,CELL_DRUG,SAS,0
35370,DB00544,CELL_DRUG,SCC-9,0
35430,DB00544,CELL_DRUG,SCC-4,0
35433,DB00544,CELL_DRUG,SCC-15,0
35441,DB00544,CELL_DRUG,DOK,0
35496,DB00544,CELL_DRUG,BICR22,0
35497,DB00544,CELL_DRUG,BICR78,0
35523,DB00544,CELL_DRUG,JHU-022,0
35539,DB00544,CELL_DRUG,OSC-20,0
35561,DB00544,CELL_DRUG,BICR10,0
35603,DB00544,CELL_DRUG,PCI-30,0
35609,DB00544,CELL_DRUG,SAT,0
35610,DB00544,CELL_DRUG,SCC90,0
35611,DB00544,CELL_DRUG,SKN-3,0
35698,DB01254,CELL_DRUG,LB771-HNC,0
35837,DB01254,CELL_DRUG,SCC90,0
35904,DB08865,CELL_DRUG,BB49-HNC,0
35905,DB08865,CELL_DRUG,Ca9-22,0
35906,DB08865,CELL_DRUG,CAL-33,0
35918,DB08865,CELL_DRUG,LB771-HNC,0
35987,DB08865,CELL_DRUG,FADU,0
36001,DB08865,CELL_DRUG,HSC-3,0
36002,DB08865,CELL_DRUG,HSC-4,0
36053,DB08865,CELL_DRUG,SCC-9,0
36102,DB08865,CELL_DRUG,SCC-4,0
36103,DB08865,CELL_DRUG,SCC-15,0
36115,DB08865,CELL_DRUG,HO-1-N-1,0
36147,DB08865,CELL_DRUG,BICR22,0
36148,DB08865,CELL_DRUG,BICR78,0
36167,DB08865,CELL_DRUG,JHU-022,0
36178,DB08865,CELL_DRUG,OSC-20,0
36196,DB08865,CELL_DRUG,BICR10,0
36226,DB08865,CELL_DRUG,PCI-4B,0
36230,DB08865,CELL_DRUG,SAT,0
36231,DB08865,CELL_DRUG,SCC90,0
36232,DB08865,CELL_DRUG,SKN-3,0
36298,DB00398,CELL_DRUG,CAL-33,0
36406,DB00398,CELL_DRUG,DOK,0
36432,DB00398,CELL_DRUG,BICR78,0
36442,DB00398,CELL_DRUG,JHU-022,0
36448,DB00398,CELL_DRUG,OSC-20,0
36484,DB00398,CELL_DRUG,PCI-30,0
36486,DB00398,CELL_DRUG,SAT,0
36487,DB00398,CELL_DRUG,SCC90,0
36531,DB00762,CELL_DRUG,BB49-HNC,0
36541,DB00762,CELL_DRUG,LB771-HNC,0
36637,DB00762,CELL_DRUG,SCC-9,0
36707,DB00762,CELL_DRUG,BICR78,0
36742,DB00762,CELL_DRUG,BICR10,0
36774,DB00762,CELL_DRUG,SAT,0
36775,DB00762,CELL_DRUG,SCC90,0
36776,DB00762,CELL_DRUG,SKN-3,0
36822,DB00762,CELL_DRUG,PCI-30,0
36917,DB00526,CELL_DRUG,BB49-HNC,0
36918,DB00526,CELL_DRUG,Ca9-22,0
36919,DB00526,CELL_DRUG,CAL-33,0
36927,DB00526,CELL_DRUG,HO-1-u-1,0
36928,DB00526,CELL_DRUG,HSC-2,0
36936,DB00526,CELL_DRUG,LB771-HNC,0
37002,DB00526,CELL_DRUG,Detroit562,0
37028,DB00526,CELL_DRUG,HSC-4,0
37096,DB00526,CELL_DRUG,SCC-9,0
37155,DB00526,CELL_DRUG,SCC-4,0
37158,DB00526,CELL_DRUG,SCC-15,0
37160,DB00526,CELL_DRUG,CAL-27,0
37165,DB00526,CELL_DRUG,DOK,0
37174,DB00526,CELL_DRUG,HO-1-N-1,0
37216,DB00526,CELL_DRUG,BICR78,0
37241,DB00526,CELL_DRUG,JHU-022,0
37254,DB00526,CELL_DRUG,OSC-20,0
37275,DB00526,CELL_DRUG,BICR10,0
37318,DB00526,CELL_DRUG,PCI-30,0
37324,DB00526,CELL_DRUG,SAT,0
37325,DB00526,CELL_DRUG,SCC90,0
37394,DB00530,CELL_DRUG,BB49-HNC,0
37532,DB00530,CELL_DRUG,SCC-4,0
37566,DB00530,CELL_DRUG,BICR22,0
37594,DB00530,CELL_DRUG,BICR10,0
37616,DB00530,CELL_DRUG,PCI-30,0
37697,DB11793,CELL_DRUG,BB49-HNC,0
37698,DB11793,CELL_DRUG,Ca9-22,0
37699,DB11793,CELL_DRUG,CAL-33,0
37707,DB11793,CELL_DRUG,HSC-2,0
37715,DB11793,CELL_DRUG,LB771-HNC,0
37796,DB11793,CELL_DRUG,Detroit562,0
37809,DB11793,CELL_DRUG,FADU,0
37832,DB11793,CELL_DRUG,HSC-3,0
37833,DB11793,CELL_DRUG,HSC-4,0
37920,DB11793,CELL_DRUG,SAS,0
37921,DB11793,CELL_DRUG,SCC-9,0
37992,DB11793,CELL_DRUG,SCC-4,0
37994,DB11793,CELL_DRUG,SCC-15,0
37996,DB11793,CELL_DRUG,CAL-27,0
38004,DB11793,CELL_DRUG,DOK,0
38017,DB11793,CELL_DRUG,HO-1-N-1,0
38050,DB11793,CELL_DRUG,BICR22,0
38051,DB11793,CELL_DRUG,BICR78,0
38079,DB11793,CELL_DRUG,JHU-022,0
38096,DB11793,CELL_DRUG,OSC-20,0
38115,DB11793,CELL_DRUG,BICR10,0
38158,DB11793,CELL_DRUG,SAT,0
38159,DB11793,CELL_DRUG,SCC90,0
38160,DB11793,CELL_DRUG,SKN-3,0
38274,DB00441,CELL_DRUG,LB771-HNC,0
38309,DB00441,CELL_DRUG,SCC-9,0
38379,DB00441,CELL_DRUG,SAT,0
38380,DB00441,CELL_DRUG,SCC90,0
38489,DB00675,CELL_DRUG,BB49-HNC,0
38490,DB00675,CELL_DRUG,Ca9-22,0
38492,DB00675,CELL_DRUG,CAL-33,0
38504,DB00675,CELL_DRUG,LB771-HNC,0
38587,DB00675,CELL_DRUG,HSC-4,0
38661,DB00675,CELL_DRUG,SAS,0
38662,DB00675,CELL_DRUG,SCC-9,0
38731,DB00675,CELL_DRUG,SCC-4,0
38734,DB00675,CELL_DRUG,SCC-15,0
38736,DB00675,CELL_DRUG,CAL-27,0
38742,DB00675,CELL_DRUG,DOK,0
38754,DB00675,CELL_DRUG,HO-1-N-1,0
38788,DB00675,CELL_DRUG,BICR22,0
38789,DB00675,CELL_DRUG,BICR78,0
38811,DB00675,CELL_DRUG,JHU-022,0
38823,DB00675,CELL_DRUG,OSC-20,0
38843,DB00675,CELL_DRUG,BICR10,0
38881,DB00675,CELL_DRUG,PCI-30,0
38885,DB00675,CELL_DRUG,SAT,0
38886,DB00675,CELL_DRUG,SCC90,0
38887,DB00675,CELL_DRUG,SKN-3,0
38994,DB00947,CELL_DRUG,BB49-HNC,0
39113,DB00947,CELL_DRUG,SCC-9,0
39153,DB00947,CELL_DRUG,SCC-4,0
39207,DB00947,CELL_DRUG,JHU-022,0
39215,DB00947,CELL_DRUG,OSC-20,0
39258,DB00947,CELL_DRUG,PCI-30,0
39261,DB00947,CELL_DRUG,SAT,0
39262,DB00947,CELL_DRUG,SCC90,0
39263,DB00947,CELL_DRUG,SKN-3,0
39337,DB11760,CELL_DRUG,Ca9-22,0
39341,DB11760,CELL_DRUG,HO-1-u-1,0
39349,DB11760,CELL_DRUG,LB771-HNC,0
39405,DB11760,CELL_DRUG,Detroit562,0
39493,DB11760,CELL_DRUG,SCC-9,0
39546,DB11760,CELL_DRUG,SCC-4,0
39550,DB11760,CELL_DRUG,SCC-15,0
39590,DB11760,CELL_DRUG,BICR78,0
39609,DB11760,CELL_DRUG,JHU-022,0
39619,DB11760,CELL_DRUG,OSC-20,0
39675,DB11760,CELL_DRUG,SAT,0
39676,DB11760,CELL_DRUG,SCC90,0
39677,DB11760,CELL_DRUG,SKN-3,0
39917,DB08912,CELL_DRUG,BB49-HNC,0
39918,DB08912,CELL_DRUG,Ca9-22,0
39920,DB08912,CELL_DRUG,CAL-33,0
39926,DB08912,CELL_DRUG,HO-1-u-1,0
39927,DB08912,CELL_DRUG,HSC-2,0
39936,DB08912,CELL_DRUG,LB771-HNC,0
40000,DB08912,CELL_DRUG,Detroit562,0
40007,DB08912,CELL_DRUG,FADU,0
40022,DB08912,CELL_DRUG,HSC-3,0
40023,DB08912,CELL_DRUG,HSC-4,0
40114,DB08912,CELL_DRUG,SAS,0
40115,DB08912,CELL_DRUG,SCC-9,0
40173,DB08912,CELL_DRUG,SCC-4,0
40176,DB08912,CELL_DRUG,SCC-15,0
40178,DB08912,CELL_DRUG,CAL-27,0
40186,DB08912,CELL_DRUG,DOK,0
40197,DB08912,CELL_DRUG,HO-1-N-1,0
40239,DB08912,CELL_DRUG,BICR22,0
40240,DB08912,CELL_DRUG,BICR78,0
40259,DB08912,CELL_DRUG,JHU-022,0
40275,DB08912,CELL_DRUG,OSC-20,0
40292,DB08912,CELL_DRUG,BICR10,0
40330,DB08912,CELL_DRUG,PCI-30,0
40335,DB08912,CELL_DRUG,SAT,0
40336,DB08912,CELL_DRUG,SCC90,0
40337,DB08912,CELL_DRUG,SKN-3,0
40507,DB00853,CELL_DRUG,BB49-HNC,0
40508,DB00853,CELL_DRUG,Ca9-22,0
40510,DB00853,CELL_DRUG,CAL-33,0
40517,DB00853,CELL_DRUG,HSC-2,0
40527,DB00853,CELL_DRUG,LB771-HNC,0
40617,DB00853,CELL_DRUG,Detroit562,0
40627,DB00853,CELL_DRUG,FADU,0
40647,DB00853,CELL_DRUG,HSC-3,0
40648,DB00853,CELL_DRUG,HSC-4,0
40770,DB00853,CELL_DRUG,SAS,0
40771,DB00853,CELL_DRUG,SCC-9,0
40854,DB00853,CELL_DRUG,SCC-4,0
40858,DB00853,CELL_DRUG,SCC-15,0
40860,DB00853,CELL_DRUG,CAL-27,0
40870,DB00853,CELL_DRUG,DOK,0
40888,DB00853,CELL_DRUG,HO-1-N-1,0
40937,DB00853,CELL_DRUG,BICR22,0
40938,DB00853,CELL_DRUG,BICR78,0
40962,DB00853,CELL_DRUG,JHU-022,0
40979,DB00853,CELL_DRUG,OSC-20,0
41002,DB00853,CELL_DRUG,BICR10,0
41045,DB00853,CELL_DRUG,PCI-30,0
41050,DB00853,CELL_DRUG,SAT,0
41051,DB00853,CELL_DRUG,SCC90,0
41052,DB00853,CELL_DRUG,SKN-3,0
41189,DB08877,CELL_DRUG,BB49-HNC,0
41190,DB08877,CELL_DRUG,Ca9-22,0
41192,DB08877,CELL_DRUG,CAL-33,0
41201,DB08877,CELL_DRUG,HSC-2,0
41211,DB08877,CELL_DRUG,LB771-HNC,0
41309,DB08877,CELL_DRUG,Detroit562,0
41323,DB08877,CELL_DRUG,FADU,0
41348,DB08877,CELL_DRUG,HSC-3,0
41349,DB08877,CELL_DRUG,HSC-4,0
41458,DB08877,CELL_DRUG,SAS,0
41459,DB08877,CELL_DRUG,SCC-9,0
41540,DB08877,CELL_DRUG,SCC-4,0
41543,DB08877,CELL_DRUG,SCC-15,0
41545,DB08877,CELL_DRUG,CAL-27,0
41569,DB08877,CELL_DRUG,HO-1-N-1,0
41617,DB08877,CELL_DRUG,BICR22,0
41618,DB08877,CELL_DRUG,BICR78,0
41647,DB08877,CELL_DRUG,JHU-022,0
41665,DB08877,CELL_DRUG,OSC-20,0
41687,DB08877,CELL_DRUG,BICR10,0
41729,DB08877,CELL_DRUG,PCI-4B,0
41735,DB08877,CELL_DRUG,SAT,0
41736,DB08877,CELL_DRUG,SCC90,0
41737,DB08877,CELL_DRUG,SKN-3,0
41858,DB06075,CELL_DRUG,Ca9-22,0
41860,DB06075,CELL_DRUG,CAL-33,0
41866,DB06075,CELL_DRUG,HSC-2,0
41955,DB06075,CELL_DRUG,Detroit562,0
41969,DB06075,CELL_DRUG,FADU,0
41992,DB06075,CELL_DRUG,HSC-3,0
41993,DB06075,CELL_DRUG,HSC-4,0
42068,DB06075,CELL_DRUG,SCC-9,0
42132,DB06075,CELL_DRUG,SCC-4,0
42134,DB06075,CELL_DRUG,SCC-15,0
42136,DB06075,CELL_DRUG,CAL-27,0
42155,DB06075,CELL_DRUG,HO-1-N-1,0
42187,DB06075,CELL_DRUG,BICR22,0
42188,DB06075,CELL_DRUG,BICR78,0
42214,DB06075,CELL_DRUG,JHU-022,0
42230,DB06075,CELL_DRUG,OSC-20,0
42248,DB06075,CELL_DRUG,BICR10,0
42282,DB06075,CELL_DRUG,PCI-4B,0
42288,DB06075,CELL_DRUG,SCC90,0
42289,DB06075,CELL_DRUG,SKN-3,0
42343,DB06075,CELL_DRUG,HO-1-u-1,0
42383,DB06075,CELL_DRUG,PCI-30,0
42391,DB00445,CELL_DRUG,LB771-HNC,0
42490,DB00531,CELL_DRUG,BB49-HNC,0
42491,DB00531,CELL_DRUG,Ca9-22,0
42493,DB00531,CELL_DRUG,CAL-33,0
42500,DB00531,CELL_DRUG,HO-1-u-1,0
42501,DB00531,CELL_DRUG,HSC-2,0
42511,DB00531,CELL_DRUG,LB771-HNC,0
42607,DB00531,CELL_DRUG,Detroit562,0
42621,DB00531,CELL_DRUG,FADU,0
42646,DB00531,CELL_DRUG,HSC-3,0
42647,DB00531,CELL_DRUG,HSC-4,0
42781,DB00531,CELL_DRUG,SAS,0
42782,DB00531,CELL_DRUG,SCC-9,0
42868,DB00531,CELL_DRUG,SCC-4,0
42873,DB00531,CELL_DRUG,SCC-15,0
42875,DB00531,CELL_DRUG,CAL-27,0
42888,DB00531,CELL_DRUG,DOK,0
42908,DB00531,CELL_DRUG,HO-1-N-1,0
42965,DB00531,CELL_DRUG,BICR22,0
42966,DB00531,CELL_DRUG,BICR78,0
42990,DB00531,CELL_DRUG,JHU-022,0
43009,DB00531,CELL_DRUG,OSC-20,0
43032,DB00531,CELL_DRUG,BICR10,0
43079,DB00531,CELL_DRUG,PCI-30,0
43084,DB00531,CELL_DRUG,SAT,0
43085,DB00531,CELL_DRUG,SCC90,0
43086,DB00531,CELL_DRUG,SKN-3,0
43215,DB01259,CELL_DRUG,LB771-HNC,0
43376,DB01259,CELL_DRUG,SCC-4,0
43435,DB01259,CELL_DRUG,OSC-20,0
43451,DB01259,CELL_DRUG,BICR10,0
43470,DB01259,CELL_DRUG,PCI-30,0
43473,DB01259,CELL_DRUG,SKN-3,0
43574,DB12015,CELL_DRUG,LB771-HNC,0
43660,DB12015,CELL_DRUG,FADU,0
43680,DB12015,CELL_DRUG,HSC-4,0
43823,DB12015,CELL_DRUG,SCC-15,0
43825,DB12015,CELL_DRUG,CAL-27,0
43874,DB12015,CELL_DRUG,BICR78,0
43910,DB12015,CELL_DRUG,OSC-20,0
43967,DB12015,CELL_DRUG,PCI-30,0
43972,DB12015,CELL_DRUG,SCC90,0
43973,DB12015,CELL_DRUG,SKN-3,0
44097,DB01097,CELL_DRUG,BB49-HNC,0
44098,DB01097,CELL_DRUG,Ca9-22,0
44100,DB01097,CELL_DRUG,CAL-33,0
44110,DB01097,CELL_DRUG,HSC-2,0
44120,DB01097,CELL_DRUG,LB771-HNC,0
44220,DB01097,CELL_DRUG,Detroit562,0
44237,DB01097,CELL_DRUG,FADU,0
44265,DB01097,CELL_DRUG,HSC-3,0
44266,DB01097,CELL_DRUG,HSC-4,0
44384,DB01097,CELL_DRUG,SAS,0
44385,DB01097,CELL_DRUG,SCC-9,0
44466,DB01097,CELL_DRUG,SCC-4,0
44469,DB01097,CELL_DRUG,SCC-15,0
44471,DB01097,CELL_DRUG,CAL-27,0
44484,DB01097,CELL_DRUG,DOK,0
44501,DB01097,CELL_DRUG,HO-1-N-1,0
44549,DB01097,CELL_DRUG,BICR22,0
44550,DB01097,CELL_DRUG,BICR78,0
44579,DB01097,CELL_DRUG,JHU-022,0
44597,DB01097,CELL_DRUG,OSC-20,0
44619,DB01097,CELL_DRUG,BICR10,0
44663,DB01097,CELL_DRUG,PCI-4B,0
44669,DB01097,CELL_DRUG,SAT,0
44670,DB01097,CELL_DRUG,SCC90,0
44671,DB01097,CELL_DRUG,SKN-3,0
44842,DB11689,CELL_DRUG,Ca9-22,0
44844,DB11689,CELL_DRUG,CAL-33,0
44850,DB11689,CELL_DRUG,HSC-2,0
44858,DB11689,CELL_DRUG,LB771-HNC,0
44939,DB11689,CELL_DRUG,FADU,0
44961,DB11689,CELL_DRUG,HSC-3,0
44962,DB11689,CELL_DRUG,HSC-4,0
45113,DB11689,CELL_DRUG,SCC-4,0
45115,DB11689,CELL_DRUG,SCC-15,0
45116,DB11689,CELL_DRUG,CAL-27,0
45177,DB11689,CELL_DRUG,BICR78,0
45205,DB11689,CELL_DRUG,OSC-20,0
45219,DB11689,CELL_DRUG,BICR10,0
45256,DB11689,CELL_DRUG,SAT,0
45257,DB11689,CELL_DRUG,SKN-3,0
45372,DB09053,CELL_DRUG,BB49-HNC,0
45387,DB09053,CELL_DRUG,LB771-HNC,0
45475,DB09053,CELL_DRUG,Detroit562,0
45506,DB09053,CELL_DRUG,HSC-4,0
45592,DB09053,CELL_DRUG,SCC-9,0
45662,DB09053,CELL_DRUG,SCC-4,0
45728,DB09053,CELL_DRUG,BICR22,0
45729,DB09053,CELL_DRUG,BICR78,0
45770,DB09053,CELL_DRUG,OSC-20,0
45788,DB09053,CELL_DRUG,BICR10,0
45943,DB00399,CELL_DRUG,BB49-HNC,0
45944,DB00399,CELL_DRUG,Ca9-22,0
45946,DB00399,CELL_DRUG,CAL-33,0
45951,DB00399,CELL_DRUG,HSC-2,0
45960,DB00399,CELL_DRUG,LB771-HNC,0
46044,DB00399,CELL_DRUG,Detroit562,0
46056,DB00399,CELL_DRUG,FADU,0
46075,DB00399,CELL_DRUG,HSC-3,0
46076,DB00399,CELL_DRUG,HSC-4,0
46164,DB00399,CELL_DRUG,SAS,0
46165,DB00399,CELL_DRUG,SCC-9,0
46233,DB00399,CELL_DRUG,SCC-4,0
46235,DB00399,CELL_DRUG,SCC-15,0
46237,DB00399,CELL_DRUG,CAL-27,0
46245,DB00399,CELL_DRUG,DOK,0
46258,DB00399,CELL_DRUG,HO-1-N-1,0
46291,DB00399,CELL_DRUG,BICR22,0
46292,DB00399,CELL_DRUG,BICR78,0
46320,DB00399,CELL_DRUG,JHU-022,0
46335,DB00399,CELL_DRUG,OSC-20,0
46354,DB00399,CELL_DRUG,BICR10,0
46394,DB00399,CELL_DRUG,PCI-4B,0
46400,DB00399,CELL_DRUG,SAT,0
46401,DB00399,CELL_DRUG,SKN-3,0
46491,DB00526,CELL_DRUG,FADU,0
46500,DB00526,CELL_DRUG,HSC-3,0
46532,DB00526,CELL_DRUG,SAS,0
46572,DB00526,CELL_DRUG,PCI-4B,0
46573,DB00526,CELL_DRUG,SKN-3,0
46626,DB01229,CELL_DRUG,BB30-HNC,1
46685,DB00188,CELL_DRUG,BB30-HNC,1
46775,DB00997,CELL_DRUG,BHY,1
46776,DB00997,CELL_DRUG,Ca9-22,1
46778,DB00997,CELL_DRUG,CAL-33,1
46779,DB00997,CELL_DRUG,HSC-2,1
46827,DB00997,CELL_DRUG,RPMI-2650,1
46845,DB00997,CELL_DRUG,CAL-27,1
46862,DB00997,CELL_DRUG,OSC-20,1
46863,DB00997,CELL_DRUG,PCI-6A,1
46869,DB00997,CELL_DRUG,BICR31,1
46872,DB00997,CELL_DRUG,KON,1
46874,DB00997,CELL_DRUG,OSC-19,1
46887,DB00441,CELL_DRUG,RPMI-2650,1
46896,DB00441,CELL_DRUG,BICR31,1
46948,DB00305,CELL_DRUG,CAL-27,1
46959,DB00305,CELL_DRUG,JHU-011,1
46964,DB00305,CELL_DRUG,KON,1
46977,DB00361,CELL_DRUG,BB30-HNC,1
46980,DB00361,CELL_DRUG,BHY,1
46985,DB00361,CELL_DRUG,KOSC-2,1
47014,DB00361,CELL_DRUG,RPMI-2650,1
47024,DB00361,CELL_DRUG,SCC-25,1
47042,DB00361,CELL_DRUG,JHU-011,1
47046,DB00361,CELL_DRUG,PCI-15A,1
47047,DB00361,CELL_DRUG,PCI-38,1
47048,DB00361,CELL_DRUG,PCI-6A,1
47051,DB00361,CELL_DRUG,BICR31,1
47055,DB00361,CELL_DRUG,JHU-029,1
47058,DB00361,CELL_DRUG,KON,1
47060,DB00361,CELL_DRUG,OSC-19,1
47169,DB11752,CELL_DRUG,BB30-HNC,1
47170,DB11752,CELL_DRUG,BB49-HNC,1
47173,DB11752,CELL_DRUG,Ca9-22,1
47175,DB11752,CELL_DRUG,CAL-33,1
47239,DB11752,CELL_DRUG,FADU,1
47254,DB11752,CELL_DRUG,HN,1
47311,DB11752,CELL_DRUG,SCC-9,1
47348,DB11752,CELL_DRUG,CAL-27,1
47358,DB11752,CELL_DRUG,DOK,1
47392,DB11752,CELL_DRUG,BICR22,1
47415,DB11752,CELL_DRUG,BICR10,1
47416,DB11752,CELL_DRUG,BICR31,1
47430,DB11752,CELL_DRUG,JHU-029,1
47433,DB11752,CELL_DRUG,KON,1
47441,DB11752,CELL_DRUG,OSC-19,1
47444,DB11752,CELL_DRUG,SKN-3,1
47531,DB00262,CELL_DRUG,BB49-HNC,0
47532,DB00262,CELL_DRUG,Ca9-22,0
47534,DB00262,CELL_DRUG,CAL-33,0
47544,DB00262,CELL_DRUG,HSC-2,0
47554,DB00262,CELL_DRUG,LB771-HNC,0
47656,DB00262,CELL_DRUG,Detroit562,0
47672,DB00262,CELL_DRUG,FADU,0
47700,DB00262,CELL_DRUG,HSC-3,0
47701,DB00262,CELL_DRUG,HSC-4,0
47821,DB00262,CELL_DRUG,SAS,0
47822,DB00262,CELL_DRUG,SCC-9,0
47904,DB00262,CELL_DRUG,SCC-4,0
47907,DB00262,CELL_DRUG,SCC-15,0
47909,DB00262,CELL_DRUG,CAL-27,0
47922,DB00262,CELL_DRUG,DOK,0
47940,DB00262,CELL_DRUG,HO-1-N-1,0
47988,DB00262,CELL_DRUG,BICR22,0
47989,DB00262,CELL_DRUG,BICR78,0
48018,DB00262,CELL_DRUG,JHU-022,0
48036,DB00262,CELL_DRUG,OSC-20,0
48058,DB00262,CELL_DRUG,BICR10,0
48103,DB00262,CELL_DRUG,PCI-4B,0
48109,DB00262,CELL_DRUG,SAT,0
48110,DB00262,CELL_DRUG,SCC90,0
48111,DB00262,CELL_DRUG,SKN-3,0
48188,DB01030,CELL_DRUG,LB771-HNC,0
48250,DB00444,CELL_DRUG,LB771-HNC,0
48325,DB01204,CELL_DRUG,LB771-HNC,0
48369,DB01204,CELL_DRUG,SCC-4,0
48381,DB01204,CELL_DRUG,BICR78,0
48476,DB01073,CELL_DRUG,BB49-HNC,0
48477,DB01073,CELL_DRUG,Ca9-22,0
48478,DB01073,CELL_DRUG,CAL-33,0
48487,DB01073,CELL_DRUG,HSC-2,0
48496,DB01073,CELL_DRUG,LB771-HNC,0
48582,DB01073,CELL_DRUG,Detroit562,0
48594,DB01073,CELL_DRUG,FADU,0
48619,DB01073,CELL_DRUG,HSC-3,0
48620,DB01073,CELL_DRUG,HSC-4,0
48714,DB01073,CELL_DRUG,SAS,0
48715,DB01073,CELL_DRUG,SCC-9,0
48785,DB01073,CELL_DRUG,SCC-4,0
48787,DB01073,CELL_DRUG,SCC-15,0
48789,DB01073,CELL_DRUG,CAL-27,0
48801,DB01073,CELL_DRUG,DOK,0
48814,DB01073,CELL_DRUG,HO-1-N-1,0
48855,DB01073,CELL_DRUG,BICR78,0
48883,DB01073,CELL_DRUG,JHU-022,0
48900,DB01073,CELL_DRUG,OSC-20,0
48919,DB01073,CELL_DRUG,BICR10,0
48960,DB01073,CELL_DRUG,PCI-4B,0
48965,DB01073,CELL_DRUG,SAT,0
48966,DB01073,CELL_DRUG,SCC90,0
48967,DB01073,CELL_DRUG,SKN-3,0
49092,DB01280,CELL_DRUG,BB49-HNC,0
49093,DB01280,CELL_DRUG,Ca9-22,0
49095,DB01280,CELL_DRUG,CAL-33,0
49104,DB01280,CELL_DRUG,HSC-2,0
49114,DB01280,CELL_DRUG,LB771-HNC,0
49214,DB01280,CELL_DRUG,Detroit562,0
49230,DB01280,CELL_DRUG,FADU,0
49258,DB01280,CELL_DRUG,HSC-3,0
49259,DB01280,CELL_DRUG,HSC-4,0
49373,DB01280,CELL_DRUG,SAS,0
49374,DB01280,CELL_DRUG,SCC-9,0
49454,DB01280,CELL_DRUG,SCC-4,0
49457,DB01280,CELL_DRUG,SCC-15,0
49459,DB01280,CELL_DRUG,CAL-27,0
49472,DB01280,CELL_DRUG,DOK,0
49489,DB01280,CELL_DRUG,HO-1-N-1,0
49536,DB01280,CELL_DRUG,BICR22,0
49537,DB01280,CELL_DRUG,BICR78,0
49566,DB01280,CELL_DRUG,JHU-022,0
49584,DB01280,CELL_DRUG,OSC-20,0
49605,DB01280,CELL_DRUG,BICR10,0
49648,DB01280,CELL_DRUG,PCI-4B,0
49654,DB01280,CELL_DRUG,SAT,0
49655,DB01280,CELL_DRUG,SCC90,0
49656,DB01280,CELL_DRUG,SKN-3,0
49757,DB00947,CELL_DRUG,Ca9-22,0
49759,DB00947,CELL_DRUG,CAL-33,0
49766,DB00947,CELL_DRUG,HSC-2,0
49769,DB00947,CELL_DRUG,LB771-HNC,0
49817,DB00947,CELL_DRUG,Detroit562,0
49827,DB00947,CELL_DRUG,FADU,0
49842,DB00947,CELL_DRUG,HSC-3,0
49843,DB00947,CELL_DRUG,HSC-4,0
49904,DB00947,CELL_DRUG,SAS,0
49943,DB00947,CELL_DRUG,SCC-15,0
49944,DB00947,CELL_DRUG,CAL-27,0
49951,DB00947,CELL_DRUG,DOK,0
49958,DB00947,CELL_DRUG,HO-1-N-1,0
49987,DB00947,CELL_DRUG,BICR22,0
49988,DB00947,CELL_DRUG,BICR78,0
50017,DB00947,CELL_DRUG,BICR10,0
50031,DB00947,CELL_DRUG,PCI-4B,0
50083,DB00541,CELL_DRUG,HSC-4,0
50111,DB00541,CELL_DRUG,SCC90,0
50128,DB01248,CELL_DRUG,HSC-4,0
50192,DB13930,CELL_DRUG,HSC-2,0
50195,DB13930,CELL_DRUG,LB771-HNC,0
50331,DB13930,CELL_DRUG,SCC-4,0
50390,DB13930,CELL_DRUG,OSC-20,0
50399,DB13930,CELL_DRUG,BICR10,0
50426,DB13930,CELL_DRUG,PCI-30,0
50429,DB13930,CELL_DRUG,SKN-3,0
50555,DB11581,CELL_DRUG,DOK,0
50568,DB11581,CELL_DRUG,BICR78,0
50578,DB11581,CELL_DRUG,JHU-022,0
50580,DB11581,CELL_DRUG,OSC-20,0
50586,DB11581,CELL_DRUG,BICR10,0
50604,DB11581,CELL_DRUG,SAT,0
50737,DB04849,CELL_DRUG,LB771-HNC,0
50802,DB04849,CELL_DRUG,SCC-4,0
50854,DB04849,CELL_DRUG,SCC90,0
50906,DB12307,CELL_DRUG,PCI-30,0
50908,DB12307,CELL_DRUG,SCC90,0
50954,DB13930,CELL_DRUG,SCC-15,0
